2026-06-12 12:37:39  INFO      ════════════════════════════════════════════════════════════
2026-06-12 12:37:39  INFO      🚀 Iniciando sincronización — 2026-06-12 12:37:39
2026-06-12 12:37:39  INFO      ════════════════════════════════════════════════════════════
2026-06-12 12:37:39  ERROR     ❌ No se pudo conectar a SQL Server: ('IM002', '[IM002] [Microsoft][ODBC Driver Manager] Data source name not found and no default driver specified (0) (SQLDriverConnect)')
2026-06-12 12:37:39  CRITICAL  💥 Error crítico: ('IM002', '[IM002] [Microsoft][ODBC Driver Manager] Data source name not found and no default driver specified (0) (SQLDriverConnect)')
2026-06-12 12:37:54  INFO      ════════════════════════════════════════════════════════════
2026-06-12 12:37:54  INFO      🚀 Iniciando sincronización — 2026-06-12 12:37:54
2026-06-12 12:37:54  INFO      ════════════════════════════════════════════════════════════
2026-06-12 12:37:54  ERROR     ❌ No se pudo conectar a SQL Server: ('IM002', '[IM002] [Microsoft][ODBC Driver Manager] Data source name not found and no default driver specified (0) (SQLDriverConnect)')
2026-06-12 12:37:54  CRITICAL  💥 Error crítico: ('IM002', '[IM002] [Microsoft][ODBC Driver Manager] Data source name not found and no default driver specified (0) (SQLDriverConnect)')
2026-06-17 19:03:50  INFO      ═══════════════════════════════════════════════════════
2026-06-17 19:03:50  INFO      🚀 Iniciando sincronización — 2026-06-17 19:03:50
2026-06-17 19:03:50  INFO         Campos a sincronizar: price
2026-06-17 19:03:50  INFO      ═══════════════════════════════════════════════════════
2026-06-17 19:03:50  INFO      🔌 Conectando a SQL Server…
2026-06-17 19:03:51  INFO      📦 Productos leídos de SQL Server: 13,724
2026-06-17 19:03:51  INFO      ☁️  Leyendo productos de Supabase…
2026-06-17 19:03:53  INFO      🗄️  Productos en Supabase (con barcode): 1,816
2026-06-17 19:03:53  INFO      ───────────────────────────────────────────────────────
2026-06-17 19:03:54  INFO        ✏️  AJIES GUSTOSO                             price=67.8
2026-06-17 19:03:54  INFO        ✏️  CANELA ENTERA                             price=200.0
2026-06-17 19:03:55  INFO        ✏️  OREGANO ENTERO                            price=200.0
2026-06-17 19:03:56  INFO        ✏️  JAMON 4X4 PICNIC ESPECIAL INDUVECA        price=85.0
2026-06-17 19:03:57  INFO        ✏️  SALAMI ESPECIAL NARANJAL INDUVECA         price=90.0
2026-06-17 19:03:58  INFO        ✏️  SUPER JAMONADA INDUVECA                   price=100.0
2026-06-17 19:03:59  INFO        ✏️  ANIS ESTRELLA                             price=270.0
2026-06-17 19:04:00  INFO        ✏️  QUESO GOUDA GORDALIZA                     price=283.9
2026-06-17 19:04:01  INFO        ✏️  JAMON PICNIC RIVERA INDUVECA              price=165.25
2026-06-17 19:04:02  INFO        ✏️  QUESO CHEDDAR YOKESSO                     price=245.76
2026-06-17 19:04:02  INFO        ✏️  PECHUGA DE POLLO B                        price=155.0
2026-06-17 19:04:03  INFO        ✏️  TILAPIA ROJA                              price=118.64
2026-06-17 19:04:04  INFO        ✏️  PATICA DE CERDO                           price=80.0
2026-06-17 19:04:05  INFO        ✏️  JAMON COCIDO INDUVECA                     price=114.41
2026-06-17 19:04:06  INFO        ✏️  COMIDA PRO PET ADULTO                     price=50.85
2026-06-17 19:04:07  INFO        ✏️  COMIDA PRO PET CACHORRO                   price=55.08
2026-06-17 19:04:07  INFO        ✏️  CLAVOS DULCES                             price=415.0
2026-06-17 19:04:08  INFO        ✏️  MALAGUETA                                 price=340.0
2026-06-17 19:04:09  INFO        ✏️  PIMIENTA ENTERA                           price=350.0
2026-06-17 19:04:10  INFO        ✏️  LIMON AGRIO                               price=21.19
2026-06-17 19:04:11  INFO        ✏️  TILAPIA NEGRA                             price=88.98
2026-06-17 19:04:11  INFO        ✏️  LECHOZA CRIOLLA                           price=15.0
2026-06-17 19:04:12  INFO        ✏️  NUTELLA FRASCO 371g                       price=360.17
2026-06-17 19:04:13  INFO        ✏️  SALCHICHAS JAJA 10z                       price=63.56
2026-06-17 19:04:14  INFO        ✏️  CANDY BAR ZERO 52g                        price=97.46
2026-06-17 19:04:14  INFO        ✏️  REFRESCO PEPSI 12z                        price=63.56
2026-06-17 19:04:15  INFO        ✏️  19 CRIMES RED BLEND 700ml                 price=1250.0
2026-06-17 19:04:16  INFO        ✏️  COLOMBINA TIGER POPS VERY BERRY 7z        price=93.22
2026-06-17 19:04:17  INFO        ✏️  CHOCOMALLOW COOKIE BITES 90g              price=169.49
2026-06-17 19:04:18  INFO        ✏️  JUGO DE MANZANAS MOTTS 32z                price=161.02
2026-06-17 19:04:19  INFO        ✏️  JUGO DE MANZANAS MOTTS 64z                price=288.14
2026-06-17 19:04:19  INFO        ✏️  JUGO DE MANZANAS MOTTS 10z                price=67.8
2026-06-17 19:04:20  INFO        ✏️  BROWNIE MIX DELIGHTS SUPREME 453g         price=262.71
2026-06-17 19:04:21  INFO        ✏️  SUPER MOIST LEMON  CAKE 375g              price=182.2
2026-06-17 19:04:22  INFO        ✏️  CEREAL CHEERIOS 340G                      price=309.32
2026-06-17 19:04:23  INFO        ✏️  ALMIDON NIAGARA 20z*                      price=207.63
2026-06-17 19:04:23  INFO        ✏️  MAYONESA KRAFT 30z                        price=292.37
2026-06-17 19:04:24  INFO        ✏️  MAYONESA KRAFT 12z                        price=161.02
2026-06-17 19:04:25  INFO        ✏️  MAYONESA KRAFT 15z                        price=165.25
2026-06-17 19:04:26  INFO        ✏️  HICKORY SMUKE  BARBECUE SAUCE KRAFT 51    price=182.2
2026-06-17 19:04:27  INFO        ✏️  KRAFT SWEET HONEY BARBECUE 510g.          price=182.2
2026-06-17 19:04:27  INFO        ✏️  SALSA SWT BROWN SUGAR BBQ 18z             price=203.39
2026-06-17 19:04:28  INFO        ✏️  MAYONESA KRAFT MAYO 8z                    price=127.12
2026-06-17 19:04:29  INFO        ✏️  QUESO PHILADELPHIA CHIVE & ONION 8z       price=296.61
2026-06-17 19:04:30  INFO        ✏️  KETCHUP HUNTS 14z                         price=156.78
2026-06-17 19:04:30  INFO        ✏️  CHEETOS PUFFS 9z                          price=233.05
2026-06-17 19:04:31  INFO        ✏️  CHUNKY SALSA MILD TOSTITOS 15.5z          price=173.73
2026-06-17 19:04:32  INFO        ✏️  SALSA CON QUESO TOSTITO 15z               price=220.34
2026-06-17 19:04:33  INFO        ✏️  ACEITE FIGARO EXTRA VIRGEN 100ml          price=118.64
2026-06-17 19:04:33  INFO        ✏️  ACEITE DE OLIVA EXT VIRGEN FIGARO 750m    price=805.08
2026-06-17 19:04:34  INFO        ✏️  ACEITE DE OLIVA FIGARO 175g               price=190.68
2026-06-17 19:47:59  INFO      ═══════════════════════════════════════════════════════
2026-06-17 19:47:59  INFO      🚀 Iniciando sincronización — 2026-06-17 19:47:59
2026-06-17 19:47:59  INFO         Campos a sincronizar: price
2026-06-17 19:47:59  INFO      ═══════════════════════════════════════════════════════
2026-06-17 19:47:59  INFO      🔌 Conectando a SQL Server…
2026-06-17 19:48:00  INFO      📦 Productos leídos de SQL Server: 13,724
2026-06-17 19:48:00  INFO      ☁️  Leyendo productos de Supabase…
2026-06-17 19:48:03  INFO      🗄️  Productos en Supabase (con barcode): 1,816
2026-06-17 19:48:03  INFO      ───────────────────────────────────────────────────────
2026-06-17 19:48:04  INFO        ✏️  AJIES GUSTOSO                             price=67.8
2026-06-17 19:48:04  INFO        ✏️  CANELA ENTERA                             price=200.0
2026-06-17 19:48:05  INFO        ✏️  OREGANO ENTERO                            price=200.0
2026-06-17 19:48:06  INFO        ✏️  JAMON 4X4 PICNIC ESPECIAL INDUVECA        price=85.0
2026-06-17 19:48:07  INFO        ✏️  SALAMI ESPECIAL NARANJAL INDUVECA         price=90.0
2026-06-17 19:48:08  INFO        ✏️  SUPER JAMONADA INDUVECA                   price=100.0
2026-06-17 19:48:08  INFO        ✏️  ANIS ESTRELLA                             price=270.0
2026-06-17 19:48:09  INFO        ✏️  QUESO GOUDA GORDALIZA                     price=283.9
2026-06-17 19:48:10  INFO        ✏️  JAMON PICNIC RIVERA INDUVECA              price=165.25
2026-06-17 19:48:11  INFO        ✏️  QUESO CHEDDAR YOKESSO                     price=245.76
2026-06-17 19:48:12  INFO        ✏️  PECHUGA DE POLLO B                        price=155.0
2026-06-17 19:48:13  INFO        ✏️  TILAPIA ROJA                              price=118.64
2026-06-17 19:48:13  INFO        ✏️  PATICA DE CERDO                           price=80.0
2026-06-17 19:48:14  INFO        ✏️  JAMON COCIDO INDUVECA                     price=114.41
2026-06-17 19:48:15  INFO        ✏️  COMIDA PRO PET ADULTO                     price=50.85
2026-06-17 19:48:16  INFO        ✏️  COMIDA PRO PET CACHORRO                   price=55.08
2026-06-17 19:48:17  INFO        ✏️  CLAVOS DULCES                             price=415.0
2026-06-17 19:48:18  INFO        ✏️  MALAGUETA                                 price=340.0
2026-06-17 19:48:18  INFO        ✏️  PIMIENTA ENTERA                           price=350.0
2026-06-17 19:48:19  INFO        ✏️  LIMON AGRIO                               price=21.19
2026-06-17 19:48:20  INFO        ✏️  TILAPIA NEGRA                             price=88.98
2026-06-17 19:48:21  INFO        ✏️  LECHOZA CRIOLLA                           price=15.0
2026-06-17 19:48:22  INFO        ✏️  NUTELLA FRASCO 371g                       price=360.17
2026-06-17 19:48:22  WARN      ⛔ Señal de cancelación recibida — deteniendo en próxima iteración…
2026-06-17 19:48:23  INFO        ✏️  SALCHICHAS JAJA 10z                       price=63.56
2026-06-17 19:48:23  WARN      ───────────────────────────────────────────────────────
2026-06-17 19:48:23  WARN      ⛔ Sincronización CANCELADA por el usuario en producto 634/13,724
2026-06-17 19:48:23  WARN         ✏️  Actualizados hasta ahora: 24
2026-06-17 19:48:23  WARN         ✅ Sin cambios hasta ahora  : 29
2026-06-17 19:48:23  WARN         ⏱️  Tiempo transcurrido      : 23.6s
2026-06-17 19:48:23  WARN      ───────────────────────────────────────────────────────
2026-06-18 07:50:03  SUCCESS   ⏰ Auto-sync programado activado: cada 30 minutos.
2026-06-18 07:50:28  SUCCESS   ⏰ Auto-sync programado activado: cada 29 minutos.
2026-06-18 07:50:34  SUCCESS   ⏰ Auto-sync programado activado: cada 30 minutos.
2026-06-18 07:50:35  SUCCESS   ⏰ Auto-sync programado activado: cada 31 minutos.
2026-06-18 07:50:35  SUCCESS   ⏰ Auto-sync programado activado: cada 32 minutos.
2026-06-18 07:50:36  SUCCESS   ⏰ Auto-sync programado activado: cada 33 minutos.
2026-06-18 07:50:36  SUCCESS   ⏰ Auto-sync programado activado: cada 34 minutos.
2026-06-18 07:50:36  SUCCESS   ⏰ Auto-sync programado activado: cada 35 minutos.
2026-06-18 07:50:36  SUCCESS   ⏰ Auto-sync programado activado: cada 36 minutos.
2026-06-18 07:50:36  SUCCESS   ⏰ Auto-sync programado activado: cada 37 minutos.
2026-06-18 07:50:36  SUCCESS   ⏰ Auto-sync programado activado: cada 38 minutos.
2026-06-18 07:50:36  SUCCESS   ⏰ Auto-sync programado activado: cada 39 minutos.
2026-06-18 07:50:44  SUCCESS   ⏰ Auto-sync programado activado: cada 6 minutos.
2026-06-18 07:50:44  SUCCESS   ⏰ Auto-sync programado activado: cada 60 minutos.
2026-06-18 07:50:52  INFO      ⏹️ Auto-sync programado desactivado.
2026-06-18 07:51:23  INFO      ═══════════════════════════════════════════════════════
2026-06-18 07:51:23  INFO      🚀 Iniciando sincronización — 2026-06-18 07:51:23
2026-06-18 07:51:23  INFO         Campos a sincronizar: price
2026-06-18 07:51:23  INFO      ═══════════════════════════════════════════════════════
2026-06-18 07:51:23  INFO      🔌 Conectando a SQL Server…
2026-06-18 07:51:24  INFO      📦 Productos leídos de SQL Server: 13,711
2026-06-18 07:51:24  INFO      ☁️  Leyendo productos de Supabase…
2026-06-18 07:51:26  INFO      🗄️  Productos en Supabase (con barcode): 1,816
2026-06-18 07:51:26  INFO      ───────────────────────────────────────────────────────
2026-06-18 07:51:27  INFO        ✏️  CANELA ENTERA                             price=200.0
2026-06-18 07:51:28  INFO        ✏️  OREGANO ENTERO                            price=200.0
2026-06-18 07:51:28  INFO        ✏️  JAMON 4X4 PICNIC ESPECIAL INDUVECA        price=85.0
2026-06-18 07:51:29  INFO        ✏️  SALAMI ESPECIAL NARANJAL INDUVECA         price=90.0
2026-06-18 07:51:30  INFO        ✏️  SUPER JAMONADA INDUVECA                   price=100.0
2026-06-18 07:51:31  INFO        ✏️  ANIS ESTRELLA                             price=270.0
2026-06-18 07:51:32  INFO        ✏️  JAMON PICNIC RIVERA INDUVECA              price=194.99
2026-06-18 07:51:32  INFO        ✏️  PECHUGA DE POLLO B                        price=155.0
2026-06-18 07:51:33  INFO        ✏️  PATICA DE CERDO                           price=80.0
2026-06-18 07:51:34  INFO        ✏️  COMIDA PRO PET CACHORRO                   price=64.99
2026-06-18 07:51:35  INFO        ✏️  CLAVOS DULCES                             price=415.0
2026-06-18 07:51:36  INFO        ✏️  MALAGUETA                                 price=340.0
2026-06-18 07:51:36  INFO        ✏️  PIMIENTA ENTERA                           price=350.0
2026-06-18 07:51:37  INFO        ✏️  LIMON AGRIO                               price=25.0
2026-06-18 07:51:38  INFO        ✏️  LECHOZA CRIOLLA                           price=15.0
2026-06-18 07:51:39  INFO        ✏️  JUGO DE MANZANAS MOTTS 32z                price=190.0
2026-06-18 07:51:40  INFO        ✏️  JUGO DE MANZANAS MOTTS 64z                price=340.01
2026-06-18 07:51:40  INFO        ✏️  MAYONESA KRAFT 30z                        price=345.0
2026-06-18 07:51:41  INFO        ✏️  MAYONESA KRAFT 15z                        price=194.99
2026-06-18 07:51:42  INFO        ✏️  ACEITE DE OLIVA EXT VIRGEN FIGARO 750m    price=949.99
2026-06-18 07:51:43  INFO        ✏️  ACEITE DE OLIVA FIGARO 375g               price=414.99
2026-06-18 07:51:43  INFO        ✏️  ACEITE DE OLIVA E.VIRGEN FIGARO 500ml     price=580.01
2026-06-18 07:51:44  INFO        ✏️  PAPEL TOALLA BOUNTY 48.9H                 price=249.99
2026-06-18 07:51:45  INFO        ✏️  CRANBERRY OCEAN SPRAY 32z                 price=205.0
2026-06-18 07:51:46  INFO        ✏️  SODA BICARBONATO 8z                       price=64.99
2026-06-18 07:51:46  INFO        ✏️  MANI COUNBARN CREM 16z                    price=260.0
2026-06-18 07:51:47  INFO        ✏️  MANI COUNBARN CREM 16z                    price=260.0
2026-06-18 07:51:48  INFO        ✏️  CRANBERRY CONTRY BARN 64z                 price=285.01
2026-06-18 07:51:49  INFO        ✏️  CREMA PARA CAFE ORIG. COUNTRY BARN 11z    price=175.01
2026-06-18 07:51:50  INFO        ✏️  SALSA RAGU MUSHROOM 24z                   price=249.99
2026-06-18 07:51:50  INFO        ✏️  SALSA RAGU MARINARA 14z                   price=155.0
2026-06-18 07:51:51  INFO        ✏️  GORDALES RELLENAS 207g                    price=194.99
2026-06-18 07:51:52  INFO        ✏️  PIÑA EN REBANADAS 20z                     price=175.01
2026-06-18 07:51:53  INFO        ✏️  MOJO CRIOLLO GOYA 24z                     price=119.99
2026-06-18 07:51:53  INFO        ✏️  PUDIN DE CHOCOLATE 99g                    price=45.01
2026-06-18 07:51:54  INFO        ✏️  ADOBO GOYA LIMON Y PIMIENTA 8z            price=119.99
2026-06-18 07:51:55  INFO        ✏️  ADOBO C NARANJA GOYA 16.5z                price=194.99
2026-06-18 07:51:56  INFO        ✏️  HARINA DE MAIZ AMARILLA MASAREPA 24z      price=90.0
2026-06-18 07:51:57  INFO        ✏️  DESODORANTE GILLETTE ULTIMATE PROTECTI    price=414.99
2026-06-18 07:51:58  INFO        ✏️  CREMA PARA CAFE NESTLE 170g               price=175.01
2026-06-18 07:51:59  INFO        ✏️  COFFEE MATE NESTLE 11z/311g               price=249.99
2026-06-18 07:51:59  INFO        ✏️  PASAS SIN SEMILLAS LIGO 1z                price=45.01
2026-06-18 07:52:00  INFO        ✏️  SIDRA EL MAYU 750ml                       price=175.01
2026-06-18 07:52:03  INFO        ✏️  SMIRNOFF ICE RASBERRY 6/1/330ml           price=839.99
2026-06-18 07:52:04  INFO        ✏️  SMIRNOFF ICE BLUE RASPBERRY 6/1/330m      price=930.01
2026-06-18 07:52:05  INFO        ✏️  CARLO ROSSI BLANCO 750ml                  price=450.0
2026-06-18 07:52:05  INFO        ✏️  CARLO ROSSI ROSE 750ml                    price=450.0
2026-06-18 07:52:06  INFO        ✏️  WHISKY FIREBALL 375ml                     price=875.01
2026-06-18 07:52:07  INFO        ✏️  WHISKY FIREBALL 200ml                     price=530.0
2026-06-18 07:52:08  INFO        ✏️  WHISKY FIREBALL 750ml                     price=1650.01
2026-06-18 07:52:08  INFO        ✏️  FABULOSO AROMA DE BEBE 450ml              price=75.0
2026-06-18 07:52:09  INFO        ✏️  FABULOSO PASION DE FRUTAS 900ml           price=125.0
2026-06-18 07:52:10  INFO        ✏️  FABULOSO PASION DE FRUTAS 450ml           price=75.0
2026-06-18 07:52:11  INFO        ✏️  FABULOSO FRESCA PRIMAVERA 900ml           price=125.0
2026-06-18 07:52:11  INFO        ✏️  FABULOSO ALTERNATIVA AL CLORO 450ml       price=75.0
2026-06-18 07:52:12  INFO        ✏️  SUAVITEL BABY 850ml                       price=175.01
2026-06-18 07:52:13  INFO        ✏️  DETERGENTE LIQUIDO NITIDO 800ml           price=60.0
2026-06-18 07:52:14  INFO        ✏️  GELATINA DE PETROLEO ALOE 4z              price=64.99
2026-06-18 07:52:14  INFO        ✏️  REXONA MEN WORKOT 40g                     price=249.99
2026-06-18 07:52:15  INFO        ✏️  REXONA MEN ACTIVE DRY 40g                 price=249.99
2026-06-18 07:52:16  INFO        ✏️  WHISKY OLD PARR 12 AÑOS 750ml             price=2240.01
2026-06-18 11:29:58  INFO      ═══════════════════════════════════════════════════════
2026-06-18 11:29:58  INFO      🚀 Iniciando sincronización — 2026-06-18 11:29:58
2026-06-18 11:29:58  INFO         Campos a sincronizar: price
2026-06-18 11:29:58  INFO      ═══════════════════════════════════════════════════════
2026-06-18 11:29:58  INFO      🔌 Conectando a SQL Server…
2026-06-18 11:29:59  INFO      📦 Productos leídos de SQL Server: 13,711
2026-06-18 11:29:59  INFO      ☁️  Leyendo productos de Supabase…
2026-06-18 11:30:01  INFO      🗄️  Productos en Supabase (con barcode): 1,816
2026-06-18 11:30:01  INFO      ───────────────────────────────────────────────────────
2026-06-18 11:30:02  INFO        ✏️  MAYONESA KRAFT 15z                        price=195.0
2026-06-18 11:30:03  INFO        ✏️  PAPEL TOALLA BOUNTY 48.9H                 price=250.0
2026-06-18 11:30:04  INFO        ✏️  SODA BICARBONATO 8z                       price=65.0
2026-06-18 11:30:04  INFO        ✏️  MOJO CRIOLLO GOYA 24z                     price=120.0
2026-06-18 11:30:05  INFO        ✏️  PASAS SIN SEMILLAS LIGO 1z                price=45.0
2026-06-18 11:30:06  INFO        ✏️  HUEVOS CRIOLLOS 30UDS.                    price=240.0
2026-06-18 11:30:07  INFO        ✏️  ARLA M1 FORM. INFANTIL 900G               price=950.0
2026-06-18 11:30:08  INFO        ✏️  MILEX KINDER GOLD LATA 360G               price=635.0
2026-06-18 11:30:09  INFO        ✏️  LECHE MILEX CLASICA 1000g                 price=865.0
2026-06-18 11:30:10  INFO        ✏️  CREMA PARA CAFE BEST VALUE 6z             price=90.0
2026-06-18 11:30:10  INFO        ✏️  CREMA PARA CAFE BEST VALUE 11z            price=155.0
2026-06-18 11:30:11  INFO        ✏️  MAIZ POPCORN 16z                          price=30.0
2026-06-18 11:30:12  INFO        ✏️  FUNDAS DE PAPEL NO. 4. 100/1              price=50.0
2026-06-18 11:30:13  INFO        ✏️  DETERGENTE ULTRA KLIN F. NATURAL 400g     price=55.0
2026-06-18 11:30:14  INFO        ✏️  DETERGENTE ULTRA KLIN F. TOTAL 400g       price=55.0
2026-06-18 11:30:15  INFO        ✏️  DETERGENTE ULTRA KLIN F. TOTAL 1.8kg      price=250.0
2026-06-18 11:30:15  INFO        ✏️  DETERGENTE F. VITAL ULTRA KLIN 1.8kg      price=250.0
2026-06-18 11:30:16  INFO        ✏️  DETERGENTE ESPUMIL EXP FLORES 2Kg.        price=430.0
2026-06-18 11:30:17  INFO        ✏️  DETERGENTE ULTRA KLIN T. SUAVIZANTE 1.    price=250.0
2026-06-18 11:30:18  INFO        ✏️  DETERGENTE C.SUAVIZANTE ULTRA KLIN 110    price=155.0
2026-06-18 11:30:18  INFO        ✏️  DETERGENTE ULTRA KLIN F. EXTREMA  1100    price=155.0
2026-06-18 11:30:19  INFO        ✏️  HUGGIES ACTIVE SEC P1 44/1                price=500.0
2026-06-18 11:30:20  INFO        ✏️  HUGGIES ACTIVE SEC P2 M 36/1              price=500.0
2026-06-18 11:30:21  INFO        ✏️  HUGGIES ACTIVE SEC G/3 31/1               price=500.0
2026-06-18 11:30:21  INFO        ✏️  HUGGIES ACTIVE SEC P4 XG 27/1             price=500.0
2026-06-18 11:30:22  INFO        ✏️  HUGGIES ACTIVE SEC P5/XXG 23/1            price=500.0
2026-06-18 11:30:23  INFO        ✏️  HUGGIES ACTIVE SEC P6/XXXG 22/1           price=500.0
2026-06-18 11:30:24  INFO        ✏️  FUMIGANTE EL CAMPEON 16z                  price=140.0
2026-06-18 11:30:24  INFO        ✏️  MIEL DE ABEJA LA FLOR 1LITRO*             price=160.0
2026-06-18 11:30:25  INFO        ✏️  MIEL DE ABEJA LA FLOR 6onz                price=65.0
2026-06-18 11:30:26  INFO        ✏️  CLORO CIELO AZUL 32z                      price=60.0
2026-06-18 11:30:27  INFO        ✏️  SALAMI CRIOLLISIMO 2LBS.                  price=125.0
2026-06-18 11:30:28  INFO        ✏️  MORTADELA HORNEADA 5LBS                   price=750.0
2026-06-18 11:30:28  INFO        ✏️  JAMON PECHUGA PAVO CASERIO                price=465.0
2026-06-18 11:30:29  INFO        ✏️  JAMON COCIDO YORK CAMPO FRIO              price=255.0
2026-06-18 11:30:30  INFO        ✏️  SAZON LIQUIDO EL COCINERO 28z             price=130.0
2026-06-18 11:30:31  INFO        ✏️  SAZON LIQUIDO EL COCINERO 15z             price=70.0
2026-06-18 11:30:31  INFO        ✏️  SALAMI CRIOLLISIMO DELICIA 2 Lbs.         price=155.0
2026-06-18 11:30:32  INFO        ✏️  FUMIGANTE EL CAMPEON 32z                  price=250.0
2026-06-18 11:30:33  INFO        ✏️  BRUGAL DOBLE RESERVA 350ml                price=500.0
2026-06-18 11:30:34  INFO        ✏️  PAN PEPIN CLUB INTEGRAL 23z               price=170.0
2026-06-18 11:30:35  INFO        ✏️  KOLA REAL MERENGUE.2.5L                   price=80.0
2026-06-18 11:30:36  INFO        ✏️  REFRESCO TOP PIÑA 450ml                   price=20.0
2026-06-18 11:30:37  INFO        ✏️  BARCELO IMPERIAL 700ml+ 2 VASOS           price=1330.0
2026-06-18 11:30:37  INFO        ✏️  RON BARCELO GRAN ANEJO 350ml              price=350.0
2026-06-18 11:30:37  WARN      ⛔ Señal de cancelación recibida — deteniendo en próxima iteración…
2026-06-18 11:30:38  INFO        ✏️  PANCAKE PEARL MILLING C. 350g             price=120.0
2026-06-18 11:30:38  WARN      ───────────────────────────────────────────────────────
2026-06-18 11:30:38  WARN      ⛔ Sincronización CANCELADA por el usuario en producto 7,302/13,711
2026-06-18 11:30:38  WARN         ✏️  Actualizados hasta ahora: 46
2026-06-18 11:30:38  WARN         ✅ Sin cambios hasta ahora  : 700
2026-06-18 11:30:38  WARN         ⏱️  Tiempo transcurrido      : 40.2s
2026-06-18 11:30:38  WARN      ───────────────────────────────────────────────────────
2026-06-18 11:59:28  INFO      ═══════════════════════════════════════════════════════
2026-06-18 11:59:28  INFO      🚀 Iniciando sincronización — 2026-06-18 11:59:28
2026-06-18 11:59:28  INFO         Campos a sincronizar: price
2026-06-18 11:59:28  INFO      ═══════════════════════════════════════════════════════
2026-06-18 11:59:28  INFO      🔌 Conectando a SQL Server…
2026-06-18 11:59:29  INFO      📦 Productos leídos de SQL Server: 13,711
2026-06-18 11:59:29  INFO      ☁️  Leyendo productos de Supabase…
2026-06-18 11:59:33  INFO      🗄️  Productos en Supabase (con barcode): 1,816
2026-06-18 11:59:33  INFO      ───────────────────────────────────────────────────────
2026-06-18 11:59:34  INFO        ✏️  [7462275402218]  AVENA QUAKER INTEGRAL 285g             price=63.0
2026-06-18 11:59:35  INFO        ✏️  [7462275403222]  AVENA QUAKER INTEGRAL 570g             price=123.0
2026-06-18 11:59:35  INFO        ✏️  [7465464559205]  SHAMPOO NATURAL HAIR SOFT 128z         price=130.0
2026-06-18 11:59:36  INFO        ✏️  [7466772500224]  MANTEQUILLA PASTEURIZADA SOSUA 113g    price=80.0
2026-06-18 11:59:37  INFO        ✏️  [7466774656240]  LECHE DESCREMADA PARMALAT 1lt.*        price=90.0
2026-06-18 11:59:38  INFO        ✏️  [7467083567067]  JABON DE CUABA EL DRAGON 32z           price=85.0
2026-06-18 11:59:39  INFO        ✏️  [7467849560035]  ACEITE DE COCO EVA 16z                 price=340.0
2026-06-18 11:59:39  INFO        ✏️  [7467849560042]  ACEITE DE COCO EXTRA VIRGEN EVA 33.    price=725.0
2026-06-18 11:59:40  INFO        ✏️  [7468086903012]  COCOA TARRO MUNE 16z                   price=230.0
2026-06-18 11:59:41  INFO        ✏️  [7468086903029]  COCOA TARRO MUNE 8z                    price=130.0
2026-06-18 11:59:42  INFO        ✏️  [7468086903067]  COCOA MUNE FUNDA 8z                    price=105.0
2026-06-18 11:59:43  INFO        ✏️  [7468235130955]  GALLETAS MEDIANA AJO CON OREGANO 26    price=125.0
2026-06-18 11:59:44  INFO        ✏️  [7468740000811]  CONCENTRADO BARCELO NARANJA 128z       price=700.0
2026-06-18 11:59:44  INFO        ✏️  [7468740000835]  CONCENTRADO BARCELO NARANJA 30z        price=230.0
2026-06-18 11:59:45  INFO        ✏️  [7468740000859]  CONCENTRADO BARCELO FRUIT PUNCH 128    price=670.0
2026-06-18 11:59:46  INFO        ✏️  [7468740000996]  CONCENTRADO BARCELO CHINOLA 30z        price=230.0
2026-06-18 11:59:47  INFO        ✏️  [7468823650667]  LECHE ENTERA MI CAMPITO 360g           price=125.0
2026-06-18 11:59:48  INFO        ✏️  [7468973201177]  RED ROCK UVA 2 LITROS                  price=85.0
2026-06-18 11:59:49  INFO        ✏️  [7468973201184]  RED ROCK MERENGUE 2 LITROS             price=85.0
2026-06-18 11:59:50  INFO        ✏️  [7506205816079]  ENFAMIL PREMIUM PROMENTAL 800g         price=1975.0
2026-06-18 11:59:50  WARN      ⛔ Señal de cancelación recibida — deteniendo en próxima iteración…
2026-06-18 11:59:50  INFO        ✏️  [7506475117302]  NIDO CRECIMIENTO PREBIO1 2000g         price=1560.0
2026-06-18 11:59:50  WARN      ───────────────────────────────────────────────────────
2026-06-18 11:59:50  WARN      ⛔ Sincronización CANCELADA por el usuario en producto 10,217/13,711
2026-06-18 11:59:50  WARN         ✏️  Actualizados hasta ahora: 21
2026-06-18 11:59:50  WARN         ✅ Sin cambios hasta ahora  : 1,159
2026-06-18 11:59:50  WARN         ⏱️  Tiempo transcurrido      : 22.3s
2026-06-18 11:59:50  WARN      ───────────────────────────────────────────────────────
2026-06-20 09:00:15  INFO      ═══════════════════════════════════════════════════════
2026-06-20 09:00:15  INFO      🚀 Iniciando sincronización — 2026-06-20 09:00:15
2026-06-20 09:00:15  INFO         Campos a sincronizar: price
2026-06-20 09:00:15  INFO      ═══════════════════════════════════════════════════════
2026-06-20 09:00:15  INFO      🔌 Conectando a SQL Server…
2026-06-20 09:00:16  INFO      📦 Productos leídos de SQL Server: 13,711
2026-06-20 09:00:16  INFO      ☁️  Leyendo productos de Supabase…
2026-06-20 09:00:18  INFO      🗄️  Productos en Supabase (con barcode): 1,840
2026-06-20 09:00:18  INFO      ───────────────────────────────────────────────────────
2026-06-20 09:00:19  INFO        ✏️  [00000406]  AGUACATE VERDE                         price=50.0
2026-06-20 09:00:21  INFO        ✏️  [7509546017143]  LAVAPLATOS LIQUIDO AXION LIMON 400m    price=85.0
2026-06-20 09:00:22  INFO        ✏️  [7509546687490]  FABULOSO SENSACION FLORAL 900ml        price=125.0
2026-06-20 09:00:22  INFO        ✏️  [753081009126]  CHOCO WOW CHISPAS 216g                 price=130.0
2026-06-20 09:00:23  INFO        ✏️  [754432203903]  FORMULA INFANTIL SIMILAC 2 350g        price=850.0
2026-06-20 09:00:24  INFO        ✏️  [8710428020215]  PEDIASURE VAINILLA 220ml               price=130.0
2026-06-20 09:00:25  INFO        ✏️  [7590011151110]  GALLETAS OREO REGULAR 432g*            price=215.0
2026-06-20 09:00:26  INFO        ✏️  [760593022819]  VEGETALES MIXTOS LA FAMOSA 15z         price=85.0
2026-06-20 09:00:27  INFO        ✏️  [7702425804760]  TOALLITAS HUMEDAS HUGGIES ALOE VERA    price=250.0
2026-06-20 09:00:28  INFO        ✏️  [7702425805187]  TOALLAS HUMEDAS HUGGIES DISNEY BABY    price=100.0
2026-06-20 09:00:28  INFO        ✏️  [787545004419]  MAYONESA BALDOM 128z                   price=775.0
2026-06-20 09:00:29  INFO        ✏️  [787545004433]  MAYONESA BALDOM LIGHT 8z               price=95.0
2026-06-20 09:00:30  INFO        ✏️  [787545005072]  ADEREZO BALDOM 16z                     price=145.0
2026-06-20 09:00:31  INFO        ✏️  [787545005249]  SAZON LIQUIDO RANCHERO 29z             price=120.0
2026-06-20 09:00:31  INFO        ✏️  [787545005287]  SALSA CHINA RANCHERO 23zfl             price=165.0
2026-06-20 09:00:32  INFO        ✏️  [787545005324]  VINAGRE RANCHERO DORADO 16z            price=30.0
2026-06-20 09:00:33  INFO        ✏️  [787545045788]  SAZON LIQ. PICANTE RANCHERO 29z        price=118.0
2026-06-20 09:00:34  INFO        ✏️  [8410498020725]  INSECTICIDA ORO DOBLE ACCION 400ml     price=200.0
2026-06-20 09:00:35  INFO        ✏️  [72912423]  HABICHUELAS NEGRAS 16z lll             price=45.0
2026-06-20 09:00:36  INFO        ✏️  [98741151]  PLATANOS VERDES                        price=15.0
2026-06-20 09:00:36  INFO      ═══════════════════════════════════════════════════════
2026-06-20 09:00:36  INFO      📊 RESUMEN FINAL
2026-06-20 09:00:36  INFO         ✏️  Actualizados   : 20
2026-06-20 09:00:36  INFO         ✅ Sin cambios     : 1,560
2026-06-20 09:00:36  INFO         🔍 No encontrados  : 12,131  (barcode no existe en Supabase)
2026-06-20 09:00:36  INFO         ❌ Errores         : 0
2026-06-20 09:00:36  INFO         ⏱️  Duración        : 20.5 segundos
2026-06-20 09:00:36  INFO      ═══════════════════════════════════════════════════════
2026-06-20 09:00:36  SUCCESS   🎉 Sincronización completada sin errores
2026-06-20 09:07:13  SUCCESS   ⏰ Auto-sync programado activado: cada 60 minutos.
2026-06-20 09:07:46  SUCCESS   ⏰ Auto-sync programado activado: cada 1 minutos.
2026-06-20 09:07:46  SUCCESS   ⏰ Auto-sync programado activado: cada 10 minutos.
2026-06-20 09:10:24  SUCCESS   ⏰ Auto-sync programado activado: cada 1 minutos.
2026-06-20 09:10:25  SUCCESS   ⏰ Auto-sync programado activado: cada 30 minutos.
2026-06-20 09:10:26  SUCCESS   ⏰ Auto-sync programado activado: cada 3 minutos.
2026-06-20 09:10:26  SUCCESS   ⏰ Auto-sync programado activado: cada 30 minutos.
2026-06-20 09:40:26  INFO      ⏰ Auto-sync automático iniciado por scheduler (cada 30 min)
2026-06-20 09:40:26  INFO      ═══════════════════════════════════════════════════════
2026-06-20 09:40:26  INFO      🚀 Iniciando sincronización — 2026-06-20 09:40:26
2026-06-20 09:40:26  INFO         Campos a sincronizar: price
2026-06-20 09:40:26  INFO      ═══════════════════════════════════════════════════════
2026-06-20 09:40:26  INFO      🔌 Conectando a SQL Server…
2026-06-20 09:40:27  INFO      📦 Productos leídos de SQL Server: 13,712
2026-06-20 09:40:27  INFO      ☁️  Leyendo productos de Supabase…
2026-06-20 09:40:29  INFO      🗄️  Productos en Supabase (con barcode): 1,842
2026-06-20 09:40:29  INFO      ───────────────────────────────────────────────────────
2026-06-20 09:40:29  INFO      ═══════════════════════════════════════════════════════
2026-06-20 09:40:29  INFO      📊 RESUMEN FINAL
2026-06-20 09:40:29  INFO         ✏️  Actualizados   : 0
2026-06-20 09:40:29  INFO         ✅ Sin cambios     : 1,582
2026-06-20 09:40:29  INFO         🔍 No encontrados  : 12,130  (barcode no existe en Supabase)
2026-06-20 09:40:29  INFO         ❌ Errores         : 0
2026-06-20 09:40:29  INFO         ⏱️  Duración        : 2.9 segundos
2026-06-20 09:40:29  INFO      ═══════════════════════════════════════════════════════
2026-06-20 09:40:29  SUCCESS   🎉 Sincronización completada sin errores
2026-06-20 09:56:04  INFO      ═══════════════════════════════════════════════════════
2026-06-20 09:56:04  INFO      🚀 Iniciando sincronización — 2026-06-20 09:56:04
2026-06-20 09:56:04  INFO         Campos a sincronizar: price
2026-06-20 09:56:04  INFO      ═══════════════════════════════════════════════════════
2026-06-20 09:56:04  INFO      🔌 Conectando a SQL Server…
2026-06-20 09:56:05  INFO      📦 Productos leídos de SQL Server: 13,712
2026-06-20 09:56:05  INFO      ☁️  Leyendo productos de Supabase…
2026-06-20 09:56:08  INFO      🗄️  Productos en Supabase (con barcode): 1,842
2026-06-20 09:56:08  INFO      ───────────────────────────────────────────────────────
2026-06-20 09:56:08  INFO      ═══════════════════════════════════════════════════════
2026-06-20 09:56:08  INFO      📊 RESUMEN FINAL
2026-06-20 09:56:08  INFO         ✏️  Actualizados   : 0
2026-06-20 09:56:08  INFO         ✅ Sin cambios     : 1,582
2026-06-20 09:56:08  INFO         🔍 No encontrados  : 12,130  (barcode no existe en Supabase)
2026-06-20 09:56:08  INFO         ❌ Errores         : 0
2026-06-20 09:56:08  INFO         ⏱️  Duración        : 3.7 segundos
2026-06-20 09:56:08  INFO      ═══════════════════════════════════════════════════════
2026-06-20 09:56:08  SUCCESS   🎉 Sincronización completada sin errores
2026-06-20 10:26:18  INFO      ═══════════════════════════════════════════════════════
2026-06-20 10:26:18  INFO      🚀 Iniciando sincronización — 2026-06-20 10:26:18
2026-06-20 10:26:18  INFO         Campos a sincronizar: price
2026-06-20 10:26:18  INFO      ═══════════════════════════════════════════════════════
2026-06-20 10:26:18  INFO      🔌 Conectando a SQL Server…
2026-06-20 10:26:19  INFO      📦 Productos leídos de SQL Server: 13,712
2026-06-20 10:26:19  INFO      ☁️  Leyendo productos de Supabase…
2026-06-20 10:26:21  INFO      🗄️  Productos en Supabase (con barcode): 1,843
2026-06-20 10:26:21  INFO      ───────────────────────────────────────────────────────
2026-06-20 10:26:21  INFO      ═══════════════════════════════════════════════════════
2026-06-20 10:26:21  INFO      📊 RESUMEN FINAL
2026-06-20 10:26:21  INFO         ✏️  Actualizados   : 0
2026-06-20 10:26:21  INFO         ✅ Sin cambios     : 1,583
2026-06-20 10:26:21  INFO         🔍 No encontrados  : 12,129  (barcode no existe en Supabase)
2026-06-20 10:26:21  INFO         ❌ Errores         : 0
2026-06-20 10:26:21  INFO         ⏱️  Duración        : 2.9 segundos
2026-06-20 10:26:21  INFO      ═══════════════════════════════════════════════════════
2026-06-20 10:26:21  SUCCESS   🎉 Sincronización completada sin errores
2026-06-20 10:56:18  INFO      ═══════════════════════════════════════════════════════
2026-06-20 10:56:18  INFO      🚀 Iniciando sincronización — 2026-06-20 10:56:18
2026-06-20 10:56:18  INFO         Campos a sincronizar: price
2026-06-20 10:56:18  INFO      ═══════════════════════════════════════════════════════
2026-06-20 10:56:18  INFO      🔌 Conectando a SQL Server…
2026-06-20 10:56:20  INFO      📦 Productos leídos de SQL Server: 13,712
2026-06-20 10:56:20  INFO      ☁️  Leyendo productos de Supabase…
2026-06-20 10:56:22  INFO      🗄️  Productos en Supabase (con barcode): 1,843
2026-06-20 10:56:22  INFO      ───────────────────────────────────────────────────────
2026-06-20 10:56:22  INFO      ═══════════════════════════════════════════════════════
2026-06-20 10:56:22  INFO      📊 RESUMEN FINAL
2026-06-20 10:56:22  INFO         ✏️  Actualizados   : 0
2026-06-20 10:56:22  INFO         ✅ Sin cambios     : 1,583
2026-06-20 10:56:22  INFO         🔍 No encontrados  : 12,129  (barcode no existe en Supabase)
2026-06-20 10:56:22  INFO         ❌ Errores         : 0
2026-06-20 10:56:22  INFO         ⏱️  Duración        : 4.1 segundos
2026-06-20 10:56:22  INFO      ═══════════════════════════════════════════════════════
2026-06-20 10:56:22  SUCCESS   🎉 Sincronización completada sin errores
2026-06-20 11:02:23  SUCCESS   ⏰ Auto-sync programado activado: cada 6 minutos.
2026-06-20 11:02:23  SUCCESS   ⏰ Auto-sync programado activado: cada 60 minutos.
2026-06-20 12:02:23  INFO      ⏰ Auto-sync automático iniciado por scheduler (cada 60 min)
2026-06-20 12:02:23  INFO      ═══════════════════════════════════════════════════════
2026-06-20 12:02:23  INFO      🚀 Iniciando sincronización — 2026-06-20 12:02:23
2026-06-20 12:02:23  INFO         Campos a sincronizar: price
2026-06-20 12:02:23  INFO      ═══════════════════════════════════════════════════════
2026-06-20 12:02:23  INFO      🔌 Conectando a SQL Server…
2026-06-20 12:02:24  INFO      📦 Productos leídos de SQL Server: 13,712
2026-06-20 12:02:24  INFO      ☁️  Leyendo productos de Supabase…
2026-06-20 12:02:26  INFO      🗄️  Productos en Supabase (con barcode): 1,846
2026-06-20 12:02:26  INFO      ───────────────────────────────────────────────────────
2026-06-20 12:02:26  INFO      ═══════════════════════════════════════════════════════
2026-06-20 12:02:26  INFO      📊 RESUMEN FINAL
2026-06-20 12:02:26  INFO         ✏️  Actualizados   : 0
2026-06-20 12:02:26  INFO         ✅ Sin cambios     : 1,586
2026-06-20 12:02:26  INFO         🔍 No encontrados  : 12,126  (barcode no existe en Supabase)
2026-06-20 12:02:26  INFO         ❌ Errores         : 0
2026-06-20 12:02:26  INFO         ⏱️  Duración        : 2.9 segundos
2026-06-20 12:02:26  INFO      ═══════════════════════════════════════════════════════
2026-06-20 12:02:26  SUCCESS   🎉 Sincronización completada sin errores
2026-06-20 12:03:18  INFO      ═══════════════════════════════════════════════════════
2026-06-20 12:03:18  INFO      🚀 Iniciando sincronización — 2026-06-20 12:03:18
2026-06-20 12:03:18  INFO         Campos a sincronizar: price
2026-06-20 12:03:18  INFO      ═══════════════════════════════════════════════════════
2026-06-20 12:03:18  INFO      🔌 Conectando a SQL Server…
2026-06-20 12:03:18  INFO      📦 Productos leídos de SQL Server: 13,712
2026-06-20 12:03:18  INFO      ☁️  Leyendo productos de Supabase…
2026-06-20 12:03:20  INFO      🗄️  Productos en Supabase (con barcode): 1,846
2026-06-20 12:03:20  INFO      ───────────────────────────────────────────────────────
2026-06-20 12:03:20  INFO      ═══════════════════════════════════════════════════════
2026-06-20 12:03:20  INFO      📊 RESUMEN FINAL
2026-06-20 12:03:20  INFO         ✏️  Actualizados   : 0
2026-06-20 12:03:20  INFO         ✅ Sin cambios     : 1,586
2026-06-20 12:03:20  INFO         🔍 No encontrados  : 12,126  (barcode no existe en Supabase)
2026-06-20 12:03:20  INFO         ❌ Errores         : 0
2026-06-20 12:03:20  INFO         ⏱️  Duración        : 2.3 segundos
2026-06-20 12:03:20  INFO      ═══════════════════════════════════════════════════════
2026-06-20 12:03:20  SUCCESS   🎉 Sincronización completada sin errores
2026-06-20 12:32:28  SUCCESS   ⏰ Auto-sync programado activado: cada 1 minutos.
2026-06-20 12:32:28  SUCCESS   ⏰ Auto-sync programado activado: cada 18 minutos.
2026-06-20 12:32:28  SUCCESS   ⏰ Auto-sync programado activado: cada 180 minutos.
2026-06-20 12:34:35  SUCCESS   ⏰ Auto-sync programado activado: cada 2 minutos.
2026-06-20 12:34:35  SUCCESS   ⏰ Auto-sync programado activado: cada 24 minutos.
2026-06-20 12:34:35  SUCCESS   ⏰ Auto-sync programado activado: cada 240 minutos.
2026-06-20 16:34:35  INFO      ⏰ Auto-sync automático iniciado por scheduler (cada 240 min)
2026-06-20 16:34:35  INFO      ═══════════════════════════════════════════════════════
2026-06-20 16:34:35  INFO      🚀 Iniciando sincronización — 2026-06-20 16:34:35
2026-06-20 16:34:35  INFO         Campos a sincronizar: price
2026-06-20 16:34:35  INFO      ═══════════════════════════════════════════════════════
2026-06-20 16:34:35  INFO      🔌 Conectando a SQL Server…
2026-06-20 16:34:38  INFO      📦 Productos leídos de SQL Server: 13,715
2026-06-20 16:34:38  INFO      ☁️  Leyendo productos de Supabase…
2026-06-20 16:34:40  INFO      🗄️  Productos en Supabase (con barcode): 1,846
2026-06-20 16:34:40  INFO      ───────────────────────────────────────────────────────
2026-06-20 16:34:41  INFO        ✏️  [001147]  PATICA DE CERDO                        price=85.0
2026-06-20 16:34:42  INFO        ✏️  [98741151]  PLATANOS VERDES                        price=10.0
2026-06-20 16:34:42  INFO      ═══════════════════════════════════════════════════════
2026-06-20 16:34:42  INFO      📊 RESUMEN FINAL
2026-06-20 16:34:42  INFO         ✏️  Actualizados   : 2
2026-06-20 16:34:42  INFO         ✅ Sin cambios     : 1,584
2026-06-20 16:34:42  INFO         🔍 No encontrados  : 12,129  (barcode no existe en Supabase)
2026-06-20 16:34:42  INFO         ❌ Errores         : 0
2026-06-20 16:34:42  INFO         ⏱️  Duración        : 6.3 segundos
2026-06-20 16:34:42  INFO      ═══════════════════════════════════════════════════════
2026-06-20 16:34:42  SUCCESS   🎉 Sincronización completada sin errores
2026-06-20 16:35:18  INFO      ═══════════════════════════════════════════════════════
2026-06-20 16:35:18  INFO      🚀 Iniciando sincronización — 2026-06-20 16:35:18
2026-06-20 16:35:18  INFO         Campos a sincronizar: price
2026-06-20 16:35:18  INFO      ═══════════════════════════════════════════════════════
2026-06-20 16:35:18  INFO      🔌 Conectando a SQL Server…
2026-06-20 16:35:19  INFO      📦 Productos leídos de SQL Server: 13,715
2026-06-20 16:35:19  INFO      ☁️  Leyendo productos de Supabase…
2026-06-20 16:35:21  INFO      🗄️  Productos en Supabase (con barcode): 1,846
2026-06-20 16:35:21  INFO      ───────────────────────────────────────────────────────
2026-06-20 16:35:21  INFO      ═══════════════════════════════════════════════════════
2026-06-20 16:35:21  INFO      📊 RESUMEN FINAL
2026-06-20 16:35:21  INFO         ✏️  Actualizados   : 0
2026-06-20 16:35:21  INFO         ✅ Sin cambios     : 1,586
2026-06-20 16:35:21  INFO         🔍 No encontrados  : 12,129  (barcode no existe en Supabase)
2026-06-20 16:35:21  INFO         ❌ Errores         : 0
2026-06-20 16:35:21  INFO         ⏱️  Duración        : 2.8 segundos
2026-06-20 16:35:21  INFO      ═══════════════════════════════════════════════════════
2026-06-20 16:35:21  SUCCESS   🎉 Sincronización completada sin errores
2026-06-20 20:10:21  SUCCESS   ⏰ Auto-sync programado activado: cada 1 minutos.
2026-06-20 20:10:21  SUCCESS   ⏰ Auto-sync programado activado: cada 18 minutos.
2026-06-20 20:10:21  SUCCESS   ⏰ Auto-sync programado activado: cada 180 minutos.
2026-06-20 23:10:21  INFO      ⏰ Auto-sync automático iniciado por scheduler (cada 180 min)
2026-06-20 23:10:21  INFO      ═══════════════════════════════════════════════════════
2026-06-20 23:10:21  INFO      🚀 Iniciando sincronización — 2026-06-20 23:10:21
2026-06-20 23:10:21  INFO         Campos a sincronizar: price
2026-06-20 23:10:21  INFO      ═══════════════════════════════════════════════════════
2026-06-20 23:10:21  INFO      🔌 Conectando a SQL Server…
2026-06-20 23:10:24  INFO      📦 Productos leídos de SQL Server: 13,715
2026-06-20 23:10:24  INFO      ☁️  Leyendo productos de Supabase…
2026-06-20 23:10:27  INFO      🗄️  Productos en Supabase (con barcode): 1,846
2026-06-20 23:10:27  INFO      ───────────────────────────────────────────────────────
2026-06-20 23:10:27  INFO      ═══════════════════════════════════════════════════════
2026-06-20 23:10:27  INFO      📊 RESUMEN FINAL
2026-06-20 23:10:27  INFO         ✏️  Actualizados   : 0
2026-06-20 23:10:27  INFO         ✅ Sin cambios     : 1,586
2026-06-20 23:10:27  INFO         🔍 No encontrados  : 12,129  (barcode no existe en Supabase)
2026-06-20 23:10:27  INFO         ❌ Errores         : 0
2026-06-20 23:10:27  INFO         ⏱️  Duración        : 5.2 segundos
2026-06-20 23:10:27  INFO      ═══════════════════════════════════════════════════════
2026-06-20 23:10:27  SUCCESS   🎉 Sincronización completada sin errores
2026-06-20 23:11:18  INFO      ═══════════════════════════════════════════════════════
2026-06-20 23:11:18  INFO      🚀 Iniciando sincronización — 2026-06-20 23:11:18
2026-06-20 23:11:18  INFO         Campos a sincronizar: price
2026-06-20 23:11:18  INFO      ═══════════════════════════════════════════════════════
2026-06-20 23:11:18  INFO      🔌 Conectando a SQL Server…
2026-06-20 23:11:19  INFO      📦 Productos leídos de SQL Server: 13,715
2026-06-20 23:11:19  INFO      ☁️  Leyendo productos de Supabase…
2026-06-20 23:11:21  INFO      🗄️  Productos en Supabase (con barcode): 1,846
2026-06-20 23:11:21  INFO      ───────────────────────────────────────────────────────
2026-06-20 23:11:21  INFO      ═══════════════════════════════════════════════════════
2026-06-20 23:11:21  INFO      📊 RESUMEN FINAL
2026-06-20 23:11:21  INFO         ✏️  Actualizados   : 0
2026-06-20 23:11:21  INFO         ✅ Sin cambios     : 1,586
2026-06-20 23:11:21  INFO         🔍 No encontrados  : 12,129  (barcode no existe en Supabase)
2026-06-20 23:11:21  INFO         ❌ Errores         : 0
2026-06-20 23:11:21  INFO         ⏱️  Duración        : 3.2 segundos
2026-06-20 23:11:21  INFO      ═══════════════════════════════════════════════════════
2026-06-20 23:11:21  SUCCESS   🎉 Sincronización completada sin errores
2026-06-21 02:10:21  INFO      ⏰ Auto-sync automático iniciado por scheduler (cada 180 min)
2026-06-21 02:10:21  INFO      ═══════════════════════════════════════════════════════
2026-06-21 02:10:21  INFO      🚀 Iniciando sincronización — 2026-06-21 02:10:21
2026-06-21 02:10:21  INFO         Campos a sincronizar: price
2026-06-21 02:10:21  INFO      ═══════════════════════════════════════════════════════
2026-06-21 02:10:21  INFO      🔌 Conectando a SQL Server…
2026-06-21 02:10:23  INFO      📦 Productos leídos de SQL Server: 13,715
2026-06-21 02:10:23  INFO      ☁️  Leyendo productos de Supabase…
2026-06-21 02:10:25  INFO      🗄️  Productos en Supabase (con barcode): 1,846
2026-06-21 02:10:25  INFO      ───────────────────────────────────────────────────────
2026-06-21 02:10:25  INFO      ═══════════════════════════════════════════════════════
2026-06-21 02:10:25  INFO      📊 RESUMEN FINAL
2026-06-21 02:10:25  INFO         ✏️  Actualizados   : 0
2026-06-21 02:10:25  INFO         ✅ Sin cambios     : 1,586
2026-06-21 02:10:25  INFO         🔍 No encontrados  : 12,129  (barcode no existe en Supabase)
2026-06-21 02:10:25  INFO         ❌ Errores         : 0
2026-06-21 02:10:25  INFO         ⏱️  Duración        : 3.8 segundos
2026-06-21 02:10:25  INFO      ═══════════════════════════════════════════════════════
2026-06-21 02:10:25  SUCCESS   🎉 Sincronización completada sin errores
2026-06-21 02:11:18  INFO      ═══════════════════════════════════════════════════════
2026-06-21 02:11:18  INFO      🚀 Iniciando sincronización — 2026-06-21 02:11:18
2026-06-21 02:11:18  INFO         Campos a sincronizar: price
2026-06-21 02:11:18  INFO      ═══════════════════════════════════════════════════════
2026-06-21 02:11:18  INFO      🔌 Conectando a SQL Server…
2026-06-21 02:11:19  INFO      📦 Productos leídos de SQL Server: 13,715
2026-06-21 02:11:19  INFO      ☁️  Leyendo productos de Supabase…
2026-06-21 02:11:21  INFO      🗄️  Productos en Supabase (con barcode): 1,846
2026-06-21 02:11:21  INFO      ───────────────────────────────────────────────────────
2026-06-21 02:11:21  INFO      ═══════════════════════════════════════════════════════
2026-06-21 02:11:21  INFO      📊 RESUMEN FINAL
2026-06-21 02:11:21  INFO         ✏️  Actualizados   : 0
2026-06-21 02:11:21  INFO         ✅ Sin cambios     : 1,586
2026-06-21 02:11:21  INFO         🔍 No encontrados  : 12,129  (barcode no existe en Supabase)
2026-06-21 02:11:21  INFO         ❌ Errores         : 0
2026-06-21 02:11:21  INFO         ⏱️  Duración        : 2.8 segundos
2026-06-21 02:11:21  INFO      ═══════════════════════════════════════════════════════
2026-06-21 02:11:21  SUCCESS   🎉 Sincronización completada sin errores
2026-06-21 05:10:21  INFO      ⏰ Auto-sync automático iniciado por scheduler (cada 180 min)
2026-06-21 05:10:21  INFO      ═══════════════════════════════════════════════════════
2026-06-21 05:10:21  INFO      🚀 Iniciando sincronización — 2026-06-21 05:10:21
2026-06-21 05:10:21  INFO         Campos a sincronizar: price
2026-06-21 05:10:21  INFO      ═══════════════════════════════════════════════════════
2026-06-21 05:10:21  INFO      🔌 Conectando a SQL Server…
2026-06-21 05:10:23  INFO      📦 Productos leídos de SQL Server: 13,715
2026-06-21 05:10:23  INFO      ☁️  Leyendo productos de Supabase…
2026-06-21 05:10:25  INFO      🗄️  Productos en Supabase (con barcode): 1,846
2026-06-21 05:10:25  INFO      ───────────────────────────────────────────────────────
2026-06-21 05:10:25  INFO      ═══════════════════════════════════════════════════════
2026-06-21 05:10:25  INFO      📊 RESUMEN FINAL
2026-06-21 05:10:25  INFO         ✏️  Actualizados   : 0
2026-06-21 05:10:25  INFO         ✅ Sin cambios     : 1,586
2026-06-21 05:10:25  INFO         🔍 No encontrados  : 12,129  (barcode no existe en Supabase)
2026-06-21 05:10:25  INFO         ❌ Errores         : 0
2026-06-21 05:10:25  INFO         ⏱️  Duración        : 3.4 segundos
2026-06-21 05:10:25  INFO      ═══════════════════════════════════════════════════════
2026-06-21 05:10:25  SUCCESS   🎉 Sincronización completada sin errores
2026-06-21 05:11:18  INFO      ═══════════════════════════════════════════════════════
2026-06-21 05:11:18  INFO      🚀 Iniciando sincronización — 2026-06-21 05:11:18
2026-06-21 05:11:18  INFO         Campos a sincronizar: price
2026-06-21 05:11:18  INFO      ═══════════════════════════════════════════════════════
2026-06-21 05:11:18  INFO      🔌 Conectando a SQL Server…
2026-06-21 05:11:19  INFO      📦 Productos leídos de SQL Server: 13,715
2026-06-21 05:11:19  INFO      ☁️  Leyendo productos de Supabase…
2026-06-21 05:11:21  INFO      🗄️  Productos en Supabase (con barcode): 1,846
2026-06-21 05:11:21  INFO      ───────────────────────────────────────────────────────
2026-06-21 05:11:21  INFO      ═══════════════════════════════════════════════════════
2026-06-21 05:11:21  INFO      📊 RESUMEN FINAL
2026-06-21 05:11:21  INFO         ✏️  Actualizados   : 0
2026-06-21 05:11:21  INFO         ✅ Sin cambios     : 1,586
2026-06-21 05:11:21  INFO         🔍 No encontrados  : 12,129  (barcode no existe en Supabase)
2026-06-21 05:11:21  INFO         ❌ Errores         : 0
2026-06-21 05:11:21  INFO         ⏱️  Duración        : 2.7 segundos
2026-06-21 05:11:21  INFO      ═══════════════════════════════════════════════════════
2026-06-21 05:11:21  SUCCESS   🎉 Sincronización completada sin errores
2026-06-21 08:10:21  INFO      ⏰ Auto-sync automático iniciado por scheduler (cada 180 min)
2026-06-21 08:10:21  INFO      ═══════════════════════════════════════════════════════
2026-06-21 08:10:21  INFO      🚀 Iniciando sincronización — 2026-06-21 08:10:21
2026-06-21 08:10:21  INFO         Campos a sincronizar: price
2026-06-21 08:10:21  INFO      ═══════════════════════════════════════════════════════
2026-06-21 08:10:21  INFO      🔌 Conectando a SQL Server…
2026-06-21 08:10:23  INFO      📦 Productos leídos de SQL Server: 13,715
2026-06-21 08:10:23  INFO      ☁️  Leyendo productos de Supabase…
2026-06-21 08:10:25  INFO      🗄️  Productos en Supabase (con barcode): 1,846
2026-06-21 08:10:25  INFO      ───────────────────────────────────────────────────────
2026-06-21 08:10:25  INFO      ═══════════════════════════════════════════════════════
2026-06-21 08:10:25  INFO      📊 RESUMEN FINAL
2026-06-21 08:10:25  INFO         ✏️  Actualizados   : 0
2026-06-21 08:10:25  INFO         ✅ Sin cambios     : 1,586
2026-06-21 08:10:25  INFO         🔍 No encontrados  : 12,129  (barcode no existe en Supabase)
2026-06-21 08:10:25  INFO         ❌ Errores         : 0
2026-06-21 08:10:25  INFO         ⏱️  Duración        : 3.3 segundos
2026-06-21 08:10:25  INFO      ═══════════════════════════════════════════════════════
2026-06-21 08:10:25  SUCCESS   🎉 Sincronización completada sin errores
2026-06-21 08:11:18  INFO      ═══════════════════════════════════════════════════════
2026-06-21 08:11:18  INFO      🚀 Iniciando sincronización — 2026-06-21 08:11:18
2026-06-21 08:11:18  INFO         Campos a sincronizar: price
2026-06-21 08:11:18  INFO      ═══════════════════════════════════════════════════════
2026-06-21 08:11:18  INFO      🔌 Conectando a SQL Server…
2026-06-21 08:11:19  INFO      📦 Productos leídos de SQL Server: 13,715
2026-06-21 08:11:19  INFO      ☁️  Leyendo productos de Supabase…
2026-06-21 08:11:21  INFO      🗄️  Productos en Supabase (con barcode): 1,846
2026-06-21 08:11:21  INFO      ───────────────────────────────────────────────────────
2026-06-21 08:11:21  INFO      ═══════════════════════════════════════════════════════
2026-06-21 08:11:21  INFO      📊 RESUMEN FINAL
2026-06-21 08:11:21  INFO         ✏️  Actualizados   : 0
2026-06-21 08:11:21  INFO         ✅ Sin cambios     : 1,586
2026-06-21 08:11:21  INFO         🔍 No encontrados  : 12,129  (barcode no existe en Supabase)
2026-06-21 08:11:21  INFO         ❌ Errores         : 0
2026-06-21 08:11:21  INFO         ⏱️  Duración        : 3.6 segundos
2026-06-21 08:11:21  INFO      ═══════════════════════════════════════════════════════
2026-06-21 08:11:21  SUCCESS   🎉 Sincronización completada sin errores
2026-06-22 12:11:39  INFO      ═══════════════════════════════════════════════════════
2026-06-22 12:11:39  INFO      🚀 Iniciando sincronización — 2026-06-22 12:11:39
2026-06-22 12:11:39  INFO         Campos a sincronizar: price
2026-06-22 12:11:39  INFO      ═══════════════════════════════════════════════════════
2026-06-22 12:11:39  INFO      🔌 Conectando a SQL Server…
2026-06-22 12:11:40  INFO      📦 Productos leídos de SQL Server: 13,715
2026-06-22 12:11:40  INFO      ☁️  Leyendo productos de Supabase…
2026-06-22 12:11:42  INFO      🗄️  Productos en Supabase (con barcode): 1,848
2026-06-22 12:11:42  INFO      ───────────────────────────────────────────────────────
2026-06-22 12:11:44  INFO        ✏️  [00000406]  AGUACATE VERDE                         price=60.0
2026-06-22 12:11:45  INFO        ✏️  [005029]  QUESO CHEDDAR SAN JUAN                 price=310.0
2026-06-22 12:11:45  INFO      ═══════════════════════════════════════════════════════
2026-06-22 12:11:45  INFO      📊 RESUMEN FINAL
2026-06-22 12:11:45  INFO         ✏️  Actualizados   : 2
2026-06-22 12:11:45  INFO         ✅ Sin cambios     : 1,586
2026-06-22 12:11:45  INFO         🔍 No encontrados  : 12,127  (barcode no existe en Supabase)
2026-06-22 12:11:45  INFO         ❌ Errores         : 0
2026-06-22 12:11:45  INFO         ⏱️  Duración        : 6.0 segundos
2026-06-22 12:11:45  INFO      ═══════════════════════════════════════════════════════
2026-06-22 12:11:45  SUCCESS   🎉 Sincronización completada sin errores
2026-06-22 12:11:46  INFO      ═══════════════════════════════════════════════════════
2026-06-22 12:11:46  INFO      🚀 Iniciando sincronización — 2026-06-22 12:11:46
2026-06-22 12:11:46  INFO         Campos a sincronizar: price
2026-06-22 12:11:46  INFO      ═══════════════════════════════════════════════════════
2026-06-22 12:11:46  INFO      🔌 Conectando a SQL Server…
2026-06-22 12:11:47  INFO      📦 Productos leídos de SQL Server: 13,715
2026-06-22 12:11:47  INFO      ☁️  Leyendo productos de Supabase…
2026-06-22 12:11:49  INFO      🗄️  Productos en Supabase (con barcode): 1,848
2026-06-22 12:11:49  INFO      ───────────────────────────────────────────────────────
2026-06-22 12:11:49  INFO      ═══════════════════════════════════════════════════════
2026-06-22 12:11:49  INFO      📊 RESUMEN FINAL
2026-06-22 12:11:49  INFO         ✏️  Actualizados   : 0
2026-06-22 12:11:49  INFO         ✅ Sin cambios     : 1,588
2026-06-22 12:11:49  INFO         🔍 No encontrados  : 12,127  (barcode no existe en Supabase)
2026-06-22 12:11:49  INFO         ❌ Errores         : 0
2026-06-22 12:11:49  INFO         ⏱️  Duración        : 3.2 segundos
2026-06-22 12:11:49  INFO      ═══════════════════════════════════════════════════════
2026-06-22 12:11:49  SUCCESS   🎉 Sincronización completada sin errores
2026-06-22 12:12:24  INFO      ═══════════════════════════════════════════════════════
2026-06-22 12:12:24  INFO      🚀 Iniciando sincronización — 2026-06-22 12:12:24
2026-06-22 12:12:24  INFO         Campos a sincronizar: price
2026-06-22 12:12:24  INFO      ═══════════════════════════════════════════════════════
2026-06-22 12:12:24  INFO      🔌 Conectando a SQL Server…
2026-06-22 12:12:26  INFO      📦 Productos leídos de SQL Server: 13,715
2026-06-22 12:12:26  INFO      ☁️  Leyendo productos de Supabase…
2026-06-22 12:12:28  INFO      🗄️  Productos en Supabase (con barcode): 1,848
2026-06-22 12:12:28  INFO      ───────────────────────────────────────────────────────
2026-06-22 12:12:28  INFO      ═══════════════════════════════════════════════════════
2026-06-22 12:12:28  INFO      📊 RESUMEN FINAL
2026-06-22 12:12:28  INFO         ✏️  Actualizados   : 0
2026-06-22 12:12:28  INFO         ✅ Sin cambios     : 1,588
2026-06-22 12:12:28  INFO         🔍 No encontrados  : 12,127  (barcode no existe en Supabase)
2026-06-22 12:12:28  INFO         ❌ Errores         : 0
2026-06-22 12:12:28  INFO         ⏱️  Duración        : 3.5 segundos
2026-06-22 12:12:28  INFO      ═══════════════════════════════════════════════════════
2026-06-22 12:12:28  SUCCESS   🎉 Sincronización completada sin errores
2026-06-22 12:13:28  INFO      ═══════════════════════════════════════════════════════
2026-06-22 12:13:28  INFO      🚀 Iniciando sincronización — 2026-06-22 12:13:28
2026-06-22 12:13:28  INFO         Campos a sincronizar: price
2026-06-22 12:13:28  INFO      ═══════════════════════════════════════════════════════
2026-06-22 12:13:28  INFO      🔌 Conectando a SQL Server…
2026-06-22 12:13:29  INFO      📦 Productos leídos de SQL Server: 13,715
2026-06-22 12:13:29  INFO      ☁️  Leyendo productos de Supabase…
2026-06-22 12:13:31  INFO      🗄️  Productos en Supabase (con barcode): 1,848
2026-06-22 12:13:31  INFO      ───────────────────────────────────────────────────────
2026-06-22 12:13:32  INFO        ✏️  [787545004419]  MAYONESA BALDOM 128z                   price=790.0
2026-06-22 12:13:32  INFO      ═══════════════════════════════════════════════════════
2026-06-22 12:13:32  INFO      📊 RESUMEN FINAL
2026-06-22 12:13:32  INFO         ✏️  Actualizados   : 1
2026-06-22 12:13:32  INFO         ✅ Sin cambios     : 1,587
2026-06-22 12:13:32  INFO         🔍 No encontrados  : 12,127  (barcode no existe en Supabase)
2026-06-22 12:13:32  INFO         ❌ Errores         : 0
2026-06-22 12:13:32  INFO         ⏱️  Duración        : 3.9 segundos
2026-06-22 12:13:32  INFO      ═══════════════════════════════════════════════════════
2026-06-22 12:13:32  SUCCESS   🎉 Sincronización completada sin errores
2026-06-22 15:13:18  INFO      ═══════════════════════════════════════════════════════
2026-06-22 15:13:18  INFO      🚀 Iniciando sincronización — 2026-06-22 15:13:18
2026-06-22 15:13:18  INFO         Campos a sincronizar: price
2026-06-22 15:13:18  INFO      ═══════════════════════════════════════════════════════
2026-06-22 15:13:18  INFO      🔌 Conectando a SQL Server…
2026-06-22 15:13:19  INFO      📦 Productos leídos de SQL Server: 13,715
2026-06-22 15:13:19  INFO      ☁️  Leyendo productos de Supabase…
2026-06-22 15:13:21  INFO      🗄️  Productos en Supabase (con barcode): 1,849
2026-06-22 15:13:21  INFO      ───────────────────────────────────────────────────────
2026-06-22 15:13:22  INFO        ✏️  [787545004419]  MAYONESA BALDOM 128z                   price=775.0
2026-06-22 15:13:22  INFO      ═══════════════════════════════════════════════════════
2026-06-22 15:13:22  INFO      📊 RESUMEN FINAL
2026-06-22 15:13:22  INFO         ✏️  Actualizados   : 1
2026-06-22 15:13:22  INFO         ✅ Sin cambios     : 1,588
2026-06-22 15:13:22  INFO         🔍 No encontrados  : 12,126  (barcode no existe en Supabase)
2026-06-22 15:13:22  INFO         ❌ Errores         : 0
2026-06-22 15:13:22  INFO         ⏱️  Duración        : 4.2 segundos
2026-06-22 15:13:22  INFO      ═══════════════════════════════════════════════════════
2026-06-22 15:13:22  SUCCESS   🎉 Sincronización completada sin errores
2026-06-22 18:13:18  INFO      ═══════════════════════════════════════════════════════
2026-06-22 18:13:18  INFO      🚀 Iniciando sincronización — 2026-06-22 18:13:18
2026-06-22 18:13:18  INFO         Campos a sincronizar: price
2026-06-22 18:13:18  INFO      ═══════════════════════════════════════════════════════
2026-06-22 18:13:18  INFO      🔌 Conectando a SQL Server…
2026-06-22 18:13:20  INFO      📦 Productos leídos de SQL Server: 13,717
2026-06-22 18:13:20  INFO      ☁️  Leyendo productos de Supabase…
2026-06-22 18:13:22  INFO      🗄️  Productos en Supabase (con barcode): 1,850
2026-06-22 18:13:22  INFO      ───────────────────────────────────────────────────────
2026-06-22 18:13:23  INFO        ✏️  [7468612640039]  ACEITE DE SOYA LA JOYA 128z            price=570.0
2026-06-22 18:13:24  INFO        ✏️  [7468612643016]  LECHE KANNY ENTERA 1L                  price=85.0
2026-06-22 18:13:25  INFO        ✏️  [751685000037]  PASTA DE TOMATE LINDA 12z              price=85.0
2026-06-22 18:13:26  INFO        ✏️  [751685000303]  NECTAR DE PERA LINDA* 10z              price=30.0
2026-06-22 18:13:26  INFO      ═══════════════════════════════════════════════════════
2026-06-22 18:13:26  INFO      📊 RESUMEN FINAL
2026-06-22 18:13:26  INFO         ✏️  Actualizados   : 4
2026-06-22 18:13:26  INFO         ✅ Sin cambios     : 1,586
2026-06-22 18:13:26  INFO         🔍 No encontrados  : 12,127  (barcode no existe en Supabase)
2026-06-22 18:13:26  INFO         ❌ Errores         : 0
2026-06-22 18:13:26  INFO         ⏱️  Duración        : 7.8 segundos
2026-06-22 18:13:26  INFO      ═══════════════════════════════════════════════════════
2026-06-22 18:13:26  SUCCESS   🎉 Sincronización completada sin errores
2026-06-22 21:13:18  INFO      ═══════════════════════════════════════════════════════
2026-06-22 21:13:18  INFO      🚀 Iniciando sincronización — 2026-06-22 21:13:18
2026-06-22 21:13:18  INFO         Campos a sincronizar: price
2026-06-22 21:13:18  INFO      ═══════════════════════════════════════════════════════
2026-06-22 21:13:18  INFO      🔌 Conectando a SQL Server…
2026-06-22 21:13:19  INFO      📦 Productos leídos de SQL Server: 13,717
2026-06-22 21:13:19  INFO      ☁️  Leyendo productos de Supabase…
2026-06-22 21:13:21  INFO      🗄️  Productos en Supabase (con barcode): 1,850
2026-06-22 21:13:21  INFO      ───────────────────────────────────────────────────────
2026-06-22 21:13:21  INFO      ═══════════════════════════════════════════════════════
2026-06-22 21:13:21  INFO      📊 RESUMEN FINAL
2026-06-22 21:13:21  INFO         ✏️  Actualizados   : 0
2026-06-22 21:13:21  INFO         ✅ Sin cambios     : 1,590
2026-06-22 21:13:21  INFO         🔍 No encontrados  : 12,127  (barcode no existe en Supabase)
2026-06-22 21:13:21  INFO         ❌ Errores         : 0
2026-06-22 21:13:21  INFO         ⏱️  Duración        : 3.2 segundos
2026-06-22 21:13:21  INFO      ═══════════════════════════════════════════════════════
2026-06-22 21:13:21  SUCCESS   🎉 Sincronización completada sin errores
2026-06-23 00:13:18  INFO      ═══════════════════════════════════════════════════════
2026-06-23 00:13:18  INFO      🚀 Iniciando sincronización — 2026-06-23 00:13:18
2026-06-23 00:13:18  INFO         Campos a sincronizar: price
2026-06-23 00:13:18  INFO      ═══════════════════════════════════════════════════════
2026-06-23 00:13:18  INFO      🔌 Conectando a SQL Server…
2026-06-23 00:13:19  INFO      📦 Productos leídos de SQL Server: 13,717
2026-06-23 00:13:19  INFO      ☁️  Leyendo productos de Supabase…
2026-06-23 00:13:21  INFO      🗄️  Productos en Supabase (con barcode): 1,850
2026-06-23 00:13:21  INFO      ───────────────────────────────────────────────────────
2026-06-23 00:13:21  INFO      ═══════════════════════════════════════════════════════
2026-06-23 00:13:21  INFO      📊 RESUMEN FINAL
2026-06-23 00:13:21  INFO         ✏️  Actualizados   : 0
2026-06-23 00:13:21  INFO         ✅ Sin cambios     : 1,590
2026-06-23 00:13:21  INFO         🔍 No encontrados  : 12,127  (barcode no existe en Supabase)
2026-06-23 00:13:21  INFO         ❌ Errores         : 0
2026-06-23 00:13:21  INFO         ⏱️  Duración        : 3.2 segundos
2026-06-23 00:13:21  INFO      ═══════════════════════════════════════════════════════
2026-06-23 00:13:21  SUCCESS   🎉 Sincronización completada sin errores
2026-06-23 03:13:18  INFO      ═══════════════════════════════════════════════════════
2026-06-23 03:13:18  INFO      🚀 Iniciando sincronización — 2026-06-23 03:13:18
2026-06-23 03:13:18  INFO         Campos a sincronizar: price
2026-06-23 03:13:18  INFO      ═══════════════════════════════════════════════════════
2026-06-23 03:13:18  INFO      🔌 Conectando a SQL Server…
2026-06-23 03:13:19  INFO      📦 Productos leídos de SQL Server: 13,717
2026-06-23 03:13:19  INFO      ☁️  Leyendo productos de Supabase…
2026-06-23 03:13:21  INFO      🗄️  Productos en Supabase (con barcode): 1,850
2026-06-23 03:13:21  INFO      ───────────────────────────────────────────────────────
2026-06-23 03:13:21  INFO      ═══════════════════════════════════════════════════════
2026-06-23 03:13:21  INFO      📊 RESUMEN FINAL
2026-06-23 03:13:21  INFO         ✏️  Actualizados   : 0
2026-06-23 03:13:21  INFO         ✅ Sin cambios     : 1,590
2026-06-23 03:13:21  INFO         🔍 No encontrados  : 12,127  (barcode no existe en Supabase)
2026-06-23 03:13:21  INFO         ❌ Errores         : 0
2026-06-23 03:13:21  INFO         ⏱️  Duración        : 3.2 segundos
2026-06-23 03:13:21  INFO      ═══════════════════════════════════════════════════════
2026-06-23 03:13:21  SUCCESS   🎉 Sincronización completada sin errores
2026-06-23 06:13:18  INFO      ═══════════════════════════════════════════════════════
2026-06-23 06:13:18  INFO      🚀 Iniciando sincronización — 2026-06-23 06:13:18
2026-06-23 06:13:18  INFO         Campos a sincronizar: price
2026-06-23 06:13:18  INFO      ═══════════════════════════════════════════════════════
2026-06-23 06:13:18  INFO      🔌 Conectando a SQL Server…
2026-06-23 06:13:19  INFO      📦 Productos leídos de SQL Server: 13,717
2026-06-23 06:13:19  INFO      ☁️  Leyendo productos de Supabase…
2026-06-23 06:13:21  INFO      🗄️  Productos en Supabase (con barcode): 1,850
2026-06-23 06:13:21  INFO      ───────────────────────────────────────────────────────
2026-06-23 06:13:21  INFO      ═══════════════════════════════════════════════════════
2026-06-23 06:13:21  INFO      📊 RESUMEN FINAL
2026-06-23 06:13:21  INFO         ✏️  Actualizados   : 0
2026-06-23 06:13:21  INFO         ✅ Sin cambios     : 1,590
2026-06-23 06:13:21  INFO         🔍 No encontrados  : 12,127  (barcode no existe en Supabase)
2026-06-23 06:13:21  INFO         ❌ Errores         : 0
2026-06-23 06:13:21  INFO         ⏱️  Duración        : 3.0 segundos
2026-06-23 06:13:21  INFO      ═══════════════════════════════════════════════════════
2026-06-23 06:13:21  SUCCESS   🎉 Sincronización completada sin errores
2026-06-23 09:13:18  INFO      ═══════════════════════════════════════════════════════
2026-06-23 09:13:18  INFO      🚀 Iniciando sincronización — 2026-06-23 09:13:18
2026-06-23 09:13:18  INFO         Campos a sincronizar: price
2026-06-23 09:13:18  INFO      ═══════════════════════════════════════════════════════
2026-06-23 09:13:18  INFO      🔌 Conectando a SQL Server…
2026-06-23 09:13:19  INFO      📦 Productos leídos de SQL Server: 13,717
2026-06-23 09:13:19  INFO      ☁️  Leyendo productos de Supabase…
2026-06-23 09:13:21  INFO      🗄️  Productos en Supabase (con barcode): 1,850
2026-06-23 09:13:21  INFO      ───────────────────────────────────────────────────────
2026-06-23 09:13:22  INFO        ✏️  [7464450959807]  GRANOLA C/COCO PRODESA 1kg             price=425.0
2026-06-23 09:13:22  INFO      ═══════════════════════════════════════════════════════
2026-06-23 09:13:22  INFO      📊 RESUMEN FINAL
2026-06-23 09:13:22  INFO         ✏️  Actualizados   : 1
2026-06-23 09:13:22  INFO         ✅ Sin cambios     : 1,589
2026-06-23 09:13:22  INFO         🔍 No encontrados  : 12,127  (barcode no existe en Supabase)
2026-06-23 09:13:22  INFO         ❌ Errores         : 0
2026-06-23 09:13:22  INFO         ⏱️  Duración        : 3.9 segundos
2026-06-23 09:13:22  INFO      ═══════════════════════════════════════════════════════
2026-06-23 09:13:22  SUCCESS   🎉 Sincronización completada sin errores
2026-06-23 12:13:18  INFO      ═══════════════════════════════════════════════════════
2026-06-23 12:13:18  INFO      🚀 Iniciando sincronización — 2026-06-23 12:13:18
2026-06-23 12:13:18  INFO         Campos a sincronizar: price
2026-06-23 12:13:18  INFO      ═══════════════════════════════════════════════════════
2026-06-23 12:13:18  INFO      🔌 Conectando a SQL Server…
2026-06-23 12:13:21  INFO      📦 Productos leídos de SQL Server: 13,717
2026-06-23 12:13:21  INFO      ☁️  Leyendo productos de Supabase…
2026-06-23 12:13:23  INFO      🗄️  Productos en Supabase (con barcode): 1,850
2026-06-23 12:13:23  INFO      ───────────────────────────────────────────────────────
2026-06-23 12:13:24  INFO        ✏️  [7703141100013]  ESCOBA ECONOMICA LINDA                 price=180.0
2026-06-23 12:13:24  INFO      ═══════════════════════════════════════════════════════
2026-06-23 12:13:24  INFO      📊 RESUMEN FINAL
2026-06-23 12:13:24  INFO         ✏️  Actualizados   : 1
2026-06-23 12:13:24  INFO         ✅ Sin cambios     : 1,589
2026-06-23 12:13:24  INFO         🔍 No encontrados  : 12,127  (barcode no existe en Supabase)
2026-06-23 12:13:24  INFO         ❌ Errores         : 0
2026-06-23 12:13:24  INFO         ⏱️  Duración        : 6.3 segundos
2026-06-23 12:13:24  INFO      ═══════════════════════════════════════════════════════
2026-06-23 12:13:24  SUCCESS   🎉 Sincronización completada sin errores
2026-06-23 12:35:38  SUCCESS   ⏰ Auto-sync programado activado: cada 2 minutos.
2026-06-23 12:35:38  SUCCESS   ⏰ Auto-sync programado activado: cada 20 minutos.
2026-06-23 12:35:45  SUCCESS   ⏰ Auto-sync programado activado: cada 1 minutos.
2026-06-23 12:35:45  SUCCESS   ⏰ Auto-sync programado activado: cada 15 minutos.
2026-06-23 12:50:45  INFO      ⏰ Auto-sync automático iniciado por scheduler (cada 15 min)
2026-06-23 12:50:45  INFO      ═══════════════════════════════════════════════════════
2026-06-23 12:50:45  INFO      🚀 Iniciando sincronización — 2026-06-23 12:50:45
2026-06-23 12:50:45  INFO         Campos a sincronizar: price
2026-06-23 12:50:45  INFO      ═══════════════════════════════════════════════════════
2026-06-23 12:50:45  INFO      🔌 Conectando a SQL Server…
2026-06-23 12:50:46  INFO      📦 Productos leídos de SQL Server: 13,717
2026-06-23 12:50:46  INFO      ☁️  Leyendo productos de Supabase…
2026-06-23 12:50:49  INFO      🗄️  Productos en Supabase (con barcode): 1,850
2026-06-23 12:50:49  INFO      ───────────────────────────────────────────────────────
2026-06-23 12:50:50  INFO        ✏️  [7703141100013]  ESCOBA ECONOMICA LINDA                 price=175.0
2026-06-23 12:50:50  INFO      ═══════════════════════════════════════════════════════
2026-06-23 12:50:50  INFO      📊 RESUMEN FINAL
2026-06-23 12:50:50  INFO         ✏️  Actualizados   : 1
2026-06-23 12:50:50  INFO         ✅ Sin cambios     : 1,589
2026-06-23 12:50:50  INFO         🔍 No encontrados  : 12,127  (barcode no existe en Supabase)
2026-06-23 12:50:50  INFO         ❌ Errores         : 0
2026-06-23 12:50:50  INFO         ⏱️  Duración        : 4.8 segundos
2026-06-23 12:50:50  INFO      ═══════════════════════════════════════════════════════
2026-06-23 12:50:50  SUCCESS   🎉 Sincronización completada sin errores
2026-06-23 12:51:18  INFO      ═══════════════════════════════════════════════════════
2026-06-23 12:51:18  INFO      🚀 Iniciando sincronización — 2026-06-23 12:51:18
2026-06-23 12:51:18  INFO         Campos a sincronizar: price
2026-06-23 12:51:18  INFO      ═══════════════════════════════════════════════════════
2026-06-23 12:51:18  INFO      🔌 Conectando a SQL Server…
2026-06-23 12:51:19  INFO      📦 Productos leídos de SQL Server: 13,717
2026-06-23 12:51:19  INFO      ☁️  Leyendo productos de Supabase…
2026-06-23 12:51:21  INFO      🗄️  Productos en Supabase (con barcode): 1,850
2026-06-23 12:51:21  INFO      ───────────────────────────────────────────────────────
2026-06-23 12:51:21  INFO      ═══════════════════════════════════════════════════════
2026-06-23 12:51:21  INFO      📊 RESUMEN FINAL
2026-06-23 12:51:21  INFO         ✏️  Actualizados   : 0
2026-06-23 12:51:21  INFO         ✅ Sin cambios     : 1,590
2026-06-23 12:51:21  INFO         🔍 No encontrados  : 12,127  (barcode no existe en Supabase)
2026-06-23 12:51:21  INFO         ❌ Errores         : 0
2026-06-23 12:51:21  INFO         ⏱️  Duración        : 3.0 segundos
2026-06-23 12:51:21  INFO      ═══════════════════════════════════════════════════════
2026-06-23 12:51:21  SUCCESS   🎉 Sincronización completada sin errores
2026-06-23 13:05:45  INFO      ⏰ Auto-sync automático iniciado por scheduler (cada 15 min)
2026-06-23 13:05:45  INFO      ═══════════════════════════════════════════════════════
2026-06-23 13:05:45  INFO      🚀 Iniciando sincronización — 2026-06-23 13:05:45
2026-06-23 13:05:45  INFO         Campos a sincronizar: price
2026-06-23 13:05:45  INFO      ═══════════════════════════════════════════════════════
2026-06-23 13:05:45  INFO      🔌 Conectando a SQL Server…
2026-06-23 13:05:46  INFO      📦 Productos leídos de SQL Server: 13,717
2026-06-23 13:05:46  INFO      ☁️  Leyendo productos de Supabase…
2026-06-23 13:05:48  INFO      🗄️  Productos en Supabase (con barcode): 1,850
2026-06-23 13:05:48  INFO      ───────────────────────────────────────────────────────
2026-06-23 13:05:48  INFO      ═══════════════════════════════════════════════════════
2026-06-23 13:05:48  INFO      📊 RESUMEN FINAL
2026-06-23 13:05:48  INFO         ✏️  Actualizados   : 0
2026-06-23 13:05:48  INFO         ✅ Sin cambios     : 1,590
2026-06-23 13:05:48  INFO         🔍 No encontrados  : 12,127  (barcode no existe en Supabase)
2026-06-23 13:05:48  INFO         ❌ Errores         : 0
2026-06-23 13:05:48  INFO         ⏱️  Duración        : 3.2 segundos
2026-06-23 13:05:48  INFO      ═══════════════════════════════════════════════════════
2026-06-23 13:05:48  SUCCESS   🎉 Sincronización completada sin errores
2026-06-23 13:06:18  INFO      ═══════════════════════════════════════════════════════
2026-06-23 13:06:18  INFO      🚀 Iniciando sincronización — 2026-06-23 13:06:18
2026-06-23 13:06:18  INFO         Campos a sincronizar: price
2026-06-23 13:06:18  INFO      ═══════════════════════════════════════════════════════
2026-06-23 13:06:18  INFO      🔌 Conectando a SQL Server…
2026-06-23 13:06:19  INFO      📦 Productos leídos de SQL Server: 13,717
2026-06-23 13:06:19  INFO      ☁️  Leyendo productos de Supabase…
2026-06-23 13:06:21  INFO      🗄️  Productos en Supabase (con barcode): 1,850
2026-06-23 13:06:21  INFO      ───────────────────────────────────────────────────────
2026-06-23 13:06:21  INFO      ═══════════════════════════════════════════════════════
2026-06-23 13:06:21  INFO      📊 RESUMEN FINAL
2026-06-23 13:06:21  INFO         ✏️  Actualizados   : 0
2026-06-23 13:06:21  INFO         ✅ Sin cambios     : 1,590
2026-06-23 13:06:21  INFO         🔍 No encontrados  : 12,127  (barcode no existe en Supabase)
2026-06-23 13:06:21  INFO         ❌ Errores         : 0
2026-06-23 13:06:21  INFO         ⏱️  Duración        : 2.8 segundos
2026-06-23 13:06:21  INFO      ═══════════════════════════════════════════════════════
2026-06-23 13:06:21  SUCCESS   🎉 Sincronización completada sin errores
2026-06-23 13:20:45  INFO      ⏰ Auto-sync automático iniciado por scheduler (cada 15 min)
2026-06-23 13:20:45  INFO      ═══════════════════════════════════════════════════════
2026-06-23 13:20:45  INFO      🚀 Iniciando sincronización — 2026-06-23 13:20:45
2026-06-23 13:20:45  INFO         Campos a sincronizar: price
2026-06-23 13:20:45  INFO      ═══════════════════════════════════════════════════════
2026-06-23 13:20:45  INFO      🔌 Conectando a SQL Server…
2026-06-23 13:20:46  INFO      📦 Productos leídos de SQL Server: 13,717
2026-06-23 13:20:46  INFO      ☁️  Leyendo productos de Supabase…
2026-06-23 13:20:48  INFO      🗄️  Productos en Supabase (con barcode): 1,850
2026-06-23 13:20:48  INFO      ───────────────────────────────────────────────────────
2026-06-23 13:20:48  INFO      ═══════════════════════════════════════════════════════
2026-06-23 13:20:48  INFO      📊 RESUMEN FINAL
2026-06-23 13:20:48  INFO         ✏️  Actualizados   : 0
2026-06-23 13:20:48  INFO         ✅ Sin cambios     : 1,590
2026-06-23 13:20:48  INFO         🔍 No encontrados  : 12,127  (barcode no existe en Supabase)
2026-06-23 13:20:48  INFO         ❌ Errores         : 0
2026-06-23 13:20:48  INFO         ⏱️  Duración        : 3.4 segundos
2026-06-23 13:20:48  INFO      ═══════════════════════════════════════════════════════
2026-06-23 13:20:48  SUCCESS   🎉 Sincronización completada sin errores
2026-06-23 13:21:18  INFO      ═══════════════════════════════════════════════════════
2026-06-23 13:21:18  INFO      🚀 Iniciando sincronización — 2026-06-23 13:21:18
2026-06-23 13:21:18  INFO         Campos a sincronizar: price
2026-06-23 13:21:18  INFO      ═══════════════════════════════════════════════════════
2026-06-23 13:21:18  INFO      🔌 Conectando a SQL Server…
2026-06-23 13:21:20  INFO      📦 Productos leídos de SQL Server: 13,717
2026-06-23 13:21:20  INFO      ☁️  Leyendo productos de Supabase…
2026-06-23 13:21:22  INFO      🗄️  Productos en Supabase (con barcode): 1,850
2026-06-23 13:21:22  INFO      ───────────────────────────────────────────────────────
2026-06-23 13:21:22  INFO      ═══════════════════════════════════════════════════════
2026-06-23 13:21:22  INFO      📊 RESUMEN FINAL
2026-06-23 13:21:22  INFO         ✏️  Actualizados   : 0
2026-06-23 13:21:22  INFO         ✅ Sin cambios     : 1,590
2026-06-23 13:21:22  INFO         🔍 No encontrados  : 12,127  (barcode no existe en Supabase)
2026-06-23 13:21:22  INFO         ❌ Errores         : 0
2026-06-23 13:21:22  INFO         ⏱️  Duración        : 3.5 segundos
2026-06-23 13:21:22  INFO      ═══════════════════════════════════════════════════════
2026-06-23 13:21:22  SUCCESS   🎉 Sincronización completada sin errores
2026-06-23 13:35:45  INFO      ⏰ Auto-sync automático iniciado por scheduler (cada 15 min)
2026-06-23 13:35:45  INFO      ═══════════════════════════════════════════════════════
2026-06-23 13:35:45  INFO      🚀 Iniciando sincronización — 2026-06-23 13:35:45
2026-06-23 13:35:45  INFO         Campos a sincronizar: price
2026-06-23 13:35:45  INFO      ═══════════════════════════════════════════════════════
2026-06-23 13:35:45  INFO      🔌 Conectando a SQL Server…
2026-06-23 13:35:47  INFO      📦 Productos leídos de SQL Server: 13,717
2026-06-23 13:35:47  INFO      ☁️  Leyendo productos de Supabase…
2026-06-23 13:35:49  INFO      🗄️  Productos en Supabase (con barcode): 1,850
2026-06-23 13:35:49  INFO      ───────────────────────────────────────────────────────
2026-06-23 13:35:49  INFO      ═══════════════════════════════════════════════════════
2026-06-23 13:35:49  INFO      📊 RESUMEN FINAL
2026-06-23 13:35:49  INFO         ✏️  Actualizados   : 0
2026-06-23 13:35:49  INFO         ✅ Sin cambios     : 1,590
2026-06-23 13:35:49  INFO         🔍 No encontrados  : 12,127  (barcode no existe en Supabase)
2026-06-23 13:35:49  INFO         ❌ Errores         : 0
2026-06-23 13:35:49  INFO         ⏱️  Duración        : 4.0 segundos
2026-06-23 13:35:49  INFO      ═══════════════════════════════════════════════════════
2026-06-23 13:35:49  SUCCESS   🎉 Sincronización completada sin errores
2026-06-23 13:37:18  INFO      ═══════════════════════════════════════════════════════
2026-06-23 13:37:18  INFO      🚀 Iniciando sincronización — 2026-06-23 13:37:18
2026-06-23 13:37:18  INFO         Campos a sincronizar: price
2026-06-23 13:37:18  INFO      ═══════════════════════════════════════════════════════
2026-06-23 13:37:18  INFO      🔌 Conectando a SQL Server…
2026-06-23 13:37:19  INFO      📦 Productos leídos de SQL Server: 13,717
2026-06-23 13:37:19  INFO      ☁️  Leyendo productos de Supabase…
2026-06-23 13:37:21  INFO      🗄️  Productos en Supabase (con barcode): 1,850
2026-06-23 13:37:21  INFO      ───────────────────────────────────────────────────────
2026-06-23 13:37:21  INFO      ═══════════════════════════════════════════════════════
2026-06-23 13:37:21  INFO      📊 RESUMEN FINAL
2026-06-23 13:37:21  INFO         ✏️  Actualizados   : 0
2026-06-23 13:37:21  INFO         ✅ Sin cambios     : 1,590
2026-06-23 13:37:21  INFO         🔍 No encontrados  : 12,127  (barcode no existe en Supabase)
2026-06-23 13:37:21  INFO         ❌ Errores         : 0
2026-06-23 13:37:21  INFO         ⏱️  Duración        : 3.4 segundos
2026-06-23 13:37:21  INFO      ═══════════════════════════════════════════════════════
2026-06-23 13:37:21  SUCCESS   🎉 Sincronización completada sin errores
2026-06-23 13:50:45  INFO      ⏰ Auto-sync automático iniciado por scheduler (cada 15 min)
2026-06-23 13:50:45  INFO      ═══════════════════════════════════════════════════════
2026-06-23 13:50:45  INFO      🚀 Iniciando sincronización — 2026-06-23 13:50:45
2026-06-23 13:50:45  INFO         Campos a sincronizar: price
2026-06-23 13:50:45  INFO      ═══════════════════════════════════════════════════════
2026-06-23 13:50:45  INFO      🔌 Conectando a SQL Server…
2026-06-23 13:50:46  INFO      📦 Productos leídos de SQL Server: 13,717
2026-06-23 13:50:46  INFO      ☁️  Leyendo productos de Supabase…
2026-06-23 13:50:48  INFO      🗄️  Productos en Supabase (con barcode): 1,850
2026-06-23 13:50:48  INFO      ───────────────────────────────────────────────────────
2026-06-23 13:50:48  INFO      ═══════════════════════════════════════════════════════
2026-06-23 13:50:48  INFO      📊 RESUMEN FINAL
2026-06-23 13:50:48  INFO         ✏️  Actualizados   : 0
2026-06-23 13:50:48  INFO         ✅ Sin cambios     : 1,590
2026-06-23 13:50:48  INFO         🔍 No encontrados  : 12,127  (barcode no existe en Supabase)
2026-06-23 13:50:48  INFO         ❌ Errores         : 0
2026-06-23 13:50:48  INFO         ⏱️  Duración        : 3.4 segundos
2026-06-23 13:50:48  INFO      ═══════════════════════════════════════════════════════
2026-06-23 13:50:48  SUCCESS   🎉 Sincronización completada sin errores
2026-06-23 13:52:18  INFO      ═══════════════════════════════════════════════════════
2026-06-23 13:52:18  INFO      🚀 Iniciando sincronización — 2026-06-23 13:52:18
2026-06-23 13:52:18  INFO         Campos a sincronizar: price
2026-06-23 13:52:18  INFO      ═══════════════════════════════════════════════════════
2026-06-23 13:52:18  INFO      🔌 Conectando a SQL Server…
2026-06-23 13:52:20  INFO      📦 Productos leídos de SQL Server: 13,717
2026-06-23 13:52:20  INFO      ☁️  Leyendo productos de Supabase…
2026-06-23 13:52:21  INFO      🗄️  Productos en Supabase (con barcode): 1,850
2026-06-23 13:52:21  INFO      ───────────────────────────────────────────────────────
2026-06-23 13:52:21  INFO      ═══════════════════════════════════════════════════════
2026-06-23 13:52:21  INFO      📊 RESUMEN FINAL
2026-06-23 13:52:21  INFO         ✏️  Actualizados   : 0
2026-06-23 13:52:21  INFO         ✅ Sin cambios     : 1,590
2026-06-23 13:52:21  INFO         🔍 No encontrados  : 12,127  (barcode no existe en Supabase)
2026-06-23 13:52:21  INFO         ❌ Errores         : 0
2026-06-23 13:52:21  INFO         ⏱️  Duración        : 3.2 segundos
2026-06-23 13:52:21  INFO      ═══════════════════════════════════════════════════════
2026-06-23 13:52:21  SUCCESS   🎉 Sincronización completada sin errores
2026-06-23 14:05:45  INFO      ⏰ Auto-sync automático iniciado por scheduler (cada 15 min)
2026-06-23 14:05:45  INFO      ═══════════════════════════════════════════════════════
2026-06-23 14:05:45  INFO      🚀 Iniciando sincronización — 2026-06-23 14:05:45
2026-06-23 14:05:45  INFO         Campos a sincronizar: price
2026-06-23 14:05:45  INFO      ═══════════════════════════════════════════════════════
2026-06-23 14:05:45  INFO      🔌 Conectando a SQL Server…
2026-06-23 14:05:46  INFO      📦 Productos leídos de SQL Server: 13,717
2026-06-23 14:05:46  INFO      ☁️  Leyendo productos de Supabase…
2026-06-23 14:05:48  INFO      🗄️  Productos en Supabase (con barcode): 1,850
2026-06-23 14:05:48  INFO      ───────────────────────────────────────────────────────
2026-06-23 14:05:48  INFO      ═══════════════════════════════════════════════════════
2026-06-23 14:05:48  INFO      📊 RESUMEN FINAL
2026-06-23 14:05:48  INFO         ✏️  Actualizados   : 0
2026-06-23 14:05:48  INFO         ✅ Sin cambios     : 1,590
2026-06-23 14:05:48  INFO         🔍 No encontrados  : 12,127  (barcode no existe en Supabase)
2026-06-23 14:05:48  INFO         ❌ Errores         : 0
2026-06-23 14:05:48  INFO         ⏱️  Duración        : 3.2 segundos
2026-06-23 14:05:48  INFO      ═══════════════════════════════════════════════════════
2026-06-23 14:05:48  SUCCESS   🎉 Sincronización completada sin errores
2026-06-23 14:07:18  INFO      ═══════════════════════════════════════════════════════
2026-06-23 14:07:18  INFO      🚀 Iniciando sincronización — 2026-06-23 14:07:18
2026-06-23 14:07:18  INFO         Campos a sincronizar: price
2026-06-23 14:07:18  INFO      ═══════════════════════════════════════════════════════
2026-06-23 14:07:18  INFO      🔌 Conectando a SQL Server…
2026-06-23 14:07:20  INFO      📦 Productos leídos de SQL Server: 13,717
2026-06-23 14:07:20  INFO      ☁️  Leyendo productos de Supabase…
2026-06-23 14:07:22  INFO      🗄️  Productos en Supabase (con barcode): 1,850
2026-06-23 14:07:22  INFO      ───────────────────────────────────────────────────────
2026-06-23 14:07:22  INFO      ═══════════════════════════════════════════════════════
2026-06-23 14:07:22  INFO      📊 RESUMEN FINAL
2026-06-23 14:07:22  INFO         ✏️  Actualizados   : 0
2026-06-23 14:07:22  INFO         ✅ Sin cambios     : 1,590
2026-06-23 14:07:22  INFO         🔍 No encontrados  : 12,127  (barcode no existe en Supabase)
2026-06-23 14:07:22  INFO         ❌ Errores         : 0
2026-06-23 14:07:22  INFO         ⏱️  Duración        : 3.3 segundos
2026-06-23 14:07:22  INFO      ═══════════════════════════════════════════════════════
2026-06-23 14:07:22  SUCCESS   🎉 Sincronización completada sin errores
2026-06-23 14:20:45  INFO      ⏰ Auto-sync automático iniciado por scheduler (cada 15 min)
2026-06-23 14:20:45  INFO      ═══════════════════════════════════════════════════════
2026-06-23 14:20:45  INFO      🚀 Iniciando sincronización — 2026-06-23 14:20:45
2026-06-23 14:20:45  INFO         Campos a sincronizar: price
2026-06-23 14:20:45  INFO      ═══════════════════════════════════════════════════════
2026-06-23 14:20:45  INFO      🔌 Conectando a SQL Server…
2026-06-23 14:20:46  INFO      📦 Productos leídos de SQL Server: 13,717
2026-06-23 14:20:46  INFO      ☁️  Leyendo productos de Supabase…
2026-06-23 14:20:48  INFO      🗄️  Productos en Supabase (con barcode): 1,850
2026-06-23 14:20:48  INFO      ───────────────────────────────────────────────────────
2026-06-23 14:20:48  INFO      ═══════════════════════════════════════════════════════
2026-06-23 14:20:48  INFO      📊 RESUMEN FINAL
2026-06-23 14:20:48  INFO         ✏️  Actualizados   : 0
2026-06-23 14:20:48  INFO         ✅ Sin cambios     : 1,590
2026-06-23 14:20:48  INFO         🔍 No encontrados  : 12,127  (barcode no existe en Supabase)
2026-06-23 14:20:48  INFO         ❌ Errores         : 0
2026-06-23 14:20:48  INFO         ⏱️  Duración        : 3.2 segundos
2026-06-23 14:20:48  INFO      ═══════════════════════════════════════════════════════
2026-06-23 14:20:48  SUCCESS   🎉 Sincronización completada sin errores
2026-06-23 14:22:18  INFO      ═══════════════════════════════════════════════════════
2026-06-23 14:22:18  INFO      🚀 Iniciando sincronización — 2026-06-23 14:22:18
2026-06-23 14:22:18  INFO         Campos a sincronizar: price
2026-06-23 14:22:18  INFO      ═══════════════════════════════════════════════════════
2026-06-23 14:22:18  INFO      🔌 Conectando a SQL Server…
2026-06-23 14:22:22  INFO      📦 Productos leídos de SQL Server: 13,717
2026-06-23 14:22:22  INFO      ☁️  Leyendo productos de Supabase…
2026-06-23 14:22:24  INFO      🗄️  Productos en Supabase (con barcode): 1,850
2026-06-23 14:22:24  INFO      ───────────────────────────────────────────────────────
2026-06-23 14:22:24  INFO      ═══════════════════════════════════════════════════════
2026-06-23 14:22:24  INFO      📊 RESUMEN FINAL
2026-06-23 14:22:24  INFO         ✏️  Actualizados   : 0
2026-06-23 14:22:24  INFO         ✅ Sin cambios     : 1,590
2026-06-23 14:22:24  INFO         🔍 No encontrados  : 12,127  (barcode no existe en Supabase)
2026-06-23 14:22:24  INFO         ❌ Errores         : 0
2026-06-23 14:22:24  INFO         ⏱️  Duración        : 5.4 segundos
2026-06-23 14:22:24  INFO      ═══════════════════════════════════════════════════════
2026-06-23 14:22:24  SUCCESS   🎉 Sincronización completada sin errores
2026-06-23 14:35:45  INFO      ⏰ Auto-sync automático iniciado por scheduler (cada 15 min)
2026-06-23 14:35:45  INFO      ═══════════════════════════════════════════════════════
2026-06-23 14:35:45  INFO      🚀 Iniciando sincronización — 2026-06-23 14:35:45
2026-06-23 14:35:45  INFO         Campos a sincronizar: price
2026-06-23 14:35:45  INFO      ═══════════════════════════════════════════════════════
2026-06-23 14:35:45  INFO      🔌 Conectando a SQL Server…
2026-06-23 14:35:47  INFO      📦 Productos leídos de SQL Server: 13,717
2026-06-23 14:35:47  INFO      ☁️  Leyendo productos de Supabase…
2026-06-23 14:35:49  INFO      🗄️  Productos en Supabase (con barcode): 1,850
2026-06-23 14:35:49  INFO      ───────────────────────────────────────────────────────
2026-06-23 14:35:49  INFO      ═══════════════════════════════════════════════════════
2026-06-23 14:35:49  INFO      📊 RESUMEN FINAL
2026-06-23 14:35:49  INFO         ✏️  Actualizados   : 0
2026-06-23 14:35:49  INFO         ✅ Sin cambios     : 1,590
2026-06-23 14:35:49  INFO         🔍 No encontrados  : 12,127  (barcode no existe en Supabase)
2026-06-23 14:35:49  INFO         ❌ Errores         : 0
2026-06-23 14:35:49  INFO         ⏱️  Duración        : 3.9 segundos
2026-06-23 14:35:49  INFO      ═══════════════════════════════════════════════════════
2026-06-23 14:35:49  SUCCESS   🎉 Sincronización completada sin errores
2026-06-23 14:37:18  INFO      ═══════════════════════════════════════════════════════
2026-06-23 14:37:18  INFO      🚀 Iniciando sincronización — 2026-06-23 14:37:18
2026-06-23 14:37:18  INFO         Campos a sincronizar: price
2026-06-23 14:37:18  INFO      ═══════════════════════════════════════════════════════
2026-06-23 14:37:18  INFO      🔌 Conectando a SQL Server…
2026-06-23 14:37:20  INFO      📦 Productos leídos de SQL Server: 13,717
2026-06-23 14:37:20  INFO      ☁️  Leyendo productos de Supabase…
2026-06-23 14:37:21  INFO      🗄️  Productos en Supabase (con barcode): 1,850
2026-06-23 14:37:21  INFO      ───────────────────────────────────────────────────────
2026-06-23 14:37:22  INFO      ═══════════════════════════════════════════════════════
2026-06-23 14:37:22  INFO      📊 RESUMEN FINAL
2026-06-23 14:37:22  INFO         ✏️  Actualizados   : 0
2026-06-23 14:37:22  INFO         ✅ Sin cambios     : 1,590
2026-06-23 14:37:22  INFO         🔍 No encontrados  : 12,127  (barcode no existe en Supabase)
2026-06-23 14:37:22  INFO         ❌ Errores         : 0
2026-06-23 14:37:22  INFO         ⏱️  Duración        : 3.3 segundos
2026-06-23 14:37:22  INFO      ═══════════════════════════════════════════════════════
2026-06-23 14:37:22  SUCCESS   🎉 Sincronización completada sin errores
2026-06-23 14:50:45  INFO      ⏰ Auto-sync automático iniciado por scheduler (cada 15 min)
2026-06-23 14:50:45  INFO      ═══════════════════════════════════════════════════════
2026-06-23 14:50:45  INFO      🚀 Iniciando sincronización — 2026-06-23 14:50:45
2026-06-23 14:50:45  INFO         Campos a sincronizar: price
2026-06-23 14:50:45  INFO      ═══════════════════════════════════════════════════════
2026-06-23 14:50:45  INFO      🔌 Conectando a SQL Server…
2026-06-23 14:50:47  INFO      📦 Productos leídos de SQL Server: 13,717
2026-06-23 14:50:47  INFO      ☁️  Leyendo productos de Supabase…
2026-06-23 14:50:49  INFO      🗄️  Productos en Supabase (con barcode): 1,850
2026-06-23 14:50:49  INFO      ───────────────────────────────────────────────────────
2026-06-23 14:50:49  INFO      ═══════════════════════════════════════════════════════
2026-06-23 14:50:49  INFO      📊 RESUMEN FINAL
2026-06-23 14:50:49  INFO         ✏️  Actualizados   : 0
2026-06-23 14:50:49  INFO         ✅ Sin cambios     : 1,590
2026-06-23 14:50:49  INFO         🔍 No encontrados  : 12,127  (barcode no existe en Supabase)
2026-06-23 14:50:49  INFO         ❌ Errores         : 0
2026-06-23 14:50:49  INFO         ⏱️  Duración        : 3.9 segundos
2026-06-23 14:50:49  INFO      ═══════════════════════════════════════════════════════
2026-06-23 14:50:49  SUCCESS   🎉 Sincronización completada sin errores
2026-06-23 14:52:18  INFO      ═══════════════════════════════════════════════════════
2026-06-23 14:52:18  INFO      🚀 Iniciando sincronización — 2026-06-23 14:52:18
2026-06-23 14:52:18  INFO         Campos a sincronizar: price
2026-06-23 14:52:18  INFO      ═══════════════════════════════════════════════════════
2026-06-23 14:52:18  INFO      🔌 Conectando a SQL Server…
2026-06-23 14:52:20  INFO      📦 Productos leídos de SQL Server: 13,717
2026-06-23 14:52:20  INFO      ☁️  Leyendo productos de Supabase…
2026-06-23 14:52:22  INFO      🗄️  Productos en Supabase (con barcode): 1,850
2026-06-23 14:52:22  INFO      ───────────────────────────────────────────────────────
2026-06-23 14:52:22  INFO      ═══════════════════════════════════════════════════════
2026-06-23 14:52:22  INFO      📊 RESUMEN FINAL
2026-06-23 14:52:22  INFO         ✏️  Actualizados   : 0
2026-06-23 14:52:22  INFO         ✅ Sin cambios     : 1,590
2026-06-23 14:52:22  INFO         🔍 No encontrados  : 12,127  (barcode no existe en Supabase)
2026-06-23 14:52:22  INFO         ❌ Errores         : 0
2026-06-23 14:52:22  INFO         ⏱️  Duración        : 3.5 segundos
2026-06-23 14:52:22  INFO      ═══════════════════════════════════════════════════════
2026-06-23 14:52:22  SUCCESS   🎉 Sincronización completada sin errores
2026-06-23 15:05:45  INFO      ⏰ Auto-sync automático iniciado por scheduler (cada 15 min)
2026-06-23 15:05:45  INFO      ═══════════════════════════════════════════════════════
2026-06-23 15:05:45  INFO      🚀 Iniciando sincronización — 2026-06-23 15:05:45
2026-06-23 15:05:45  INFO         Campos a sincronizar: price
2026-06-23 15:05:45  INFO      ═══════════════════════════════════════════════════════
2026-06-23 15:05:45  INFO      🔌 Conectando a SQL Server…
2026-06-23 15:05:46  INFO      📦 Productos leídos de SQL Server: 13,717
2026-06-23 15:05:46  INFO      ☁️  Leyendo productos de Supabase…
2026-06-23 15:05:48  INFO      🗄️  Productos en Supabase (con barcode): 1,850
2026-06-23 15:05:48  INFO      ───────────────────────────────────────────────────────
2026-06-23 15:05:48  INFO      ═══════════════════════════════════════════════════════
2026-06-23 15:05:48  INFO      📊 RESUMEN FINAL
2026-06-23 15:05:48  INFO         ✏️  Actualizados   : 0
2026-06-23 15:05:48  INFO         ✅ Sin cambios     : 1,590
2026-06-23 15:05:48  INFO         🔍 No encontrados  : 12,127  (barcode no existe en Supabase)
2026-06-23 15:05:48  INFO         ❌ Errores         : 0
2026-06-23 15:05:48  INFO         ⏱️  Duración        : 3.2 segundos
2026-06-23 15:05:48  INFO      ═══════════════════════════════════════════════════════
2026-06-23 15:05:48  SUCCESS   🎉 Sincronización completada sin errores
2026-06-23 15:07:18  INFO      ═══════════════════════════════════════════════════════
2026-06-23 15:07:18  INFO      🚀 Iniciando sincronización — 2026-06-23 15:07:18
2026-06-23 15:07:18  INFO         Campos a sincronizar: price
2026-06-23 15:07:18  INFO      ═══════════════════════════════════════════════════════
2026-06-23 15:07:18  INFO      🔌 Conectando a SQL Server…
2026-06-23 15:07:20  INFO      📦 Productos leídos de SQL Server: 13,717
2026-06-23 15:07:20  INFO      ☁️  Leyendo productos de Supabase…
2026-06-23 15:07:21  INFO      🗄️  Productos en Supabase (con barcode): 1,850
2026-06-23 15:07:21  INFO      ───────────────────────────────────────────────────────
2026-06-23 15:07:21  INFO      ═══════════════════════════════════════════════════════
2026-06-23 15:07:21  INFO      📊 RESUMEN FINAL
2026-06-23 15:07:21  INFO         ✏️  Actualizados   : 0
2026-06-23 15:07:21  INFO         ✅ Sin cambios     : 1,590
2026-06-23 15:07:21  INFO         🔍 No encontrados  : 12,127  (barcode no existe en Supabase)
2026-06-23 15:07:21  INFO         ❌ Errores         : 0
2026-06-23 15:07:21  INFO         ⏱️  Duración        : 3.2 segundos
2026-06-23 15:07:21  INFO      ═══════════════════════════════════════════════════════
2026-06-23 15:07:21  SUCCESS   🎉 Sincronización completada sin errores
2026-06-23 15:20:45  INFO      ⏰ Auto-sync automático iniciado por scheduler (cada 15 min)
2026-06-23 15:20:45  INFO      ═══════════════════════════════════════════════════════
2026-06-23 15:20:45  INFO      🚀 Iniciando sincronización — 2026-06-23 15:20:45
2026-06-23 15:20:45  INFO         Campos a sincronizar: price
2026-06-23 15:20:45  INFO      ═══════════════════════════════════════════════════════
2026-06-23 15:20:45  INFO      🔌 Conectando a SQL Server…
2026-06-23 15:20:46  INFO      📦 Productos leídos de SQL Server: 13,717
2026-06-23 15:20:46  INFO      ☁️  Leyendo productos de Supabase…
2026-06-23 15:20:48  INFO      🗄️  Productos en Supabase (con barcode): 1,850
2026-06-23 15:20:48  INFO      ───────────────────────────────────────────────────────
2026-06-23 15:20:48  INFO      ═══════════════════════════════════════════════════════
2026-06-23 15:20:48  INFO      📊 RESUMEN FINAL
2026-06-23 15:20:48  INFO         ✏️  Actualizados   : 0
2026-06-23 15:20:48  INFO         ✅ Sin cambios     : 1,590
2026-06-23 15:20:48  INFO         🔍 No encontrados  : 12,127  (barcode no existe en Supabase)
2026-06-23 15:20:48  INFO         ❌ Errores         : 0
2026-06-23 15:20:48  INFO         ⏱️  Duración        : 3.2 segundos
2026-06-23 15:20:48  INFO      ═══════════════════════════════════════════════════════
2026-06-23 15:20:48  SUCCESS   🎉 Sincronización completada sin errores
2026-06-23 15:22:18  INFO      ═══════════════════════════════════════════════════════
2026-06-23 15:22:18  INFO      🚀 Iniciando sincronización — 2026-06-23 15:22:18
2026-06-23 15:22:18  INFO         Campos a sincronizar: price
2026-06-23 15:22:18  INFO      ═══════════════════════════════════════════════════════
2026-06-23 15:22:18  INFO      🔌 Conectando a SQL Server…
2026-06-23 15:22:20  INFO      📦 Productos leídos de SQL Server: 13,717
2026-06-23 15:22:20  INFO      ☁️  Leyendo productos de Supabase…
2026-06-23 15:22:22  INFO      🗄️  Productos en Supabase (con barcode): 1,850
2026-06-23 15:22:22  INFO      ───────────────────────────────────────────────────────
2026-06-23 15:22:22  INFO      ═══════════════════════════════════════════════════════
2026-06-23 15:22:22  INFO      📊 RESUMEN FINAL
2026-06-23 15:22:22  INFO         ✏️  Actualizados   : 0
2026-06-23 15:22:22  INFO         ✅ Sin cambios     : 1,590
2026-06-23 15:22:22  INFO         🔍 No encontrados  : 12,127  (barcode no existe en Supabase)
2026-06-23 15:22:22  INFO         ❌ Errores         : 0
2026-06-23 15:22:22  INFO         ⏱️  Duración        : 3.2 segundos
2026-06-23 15:22:22  INFO      ═══════════════════════════════════════════════════════
2026-06-23 15:22:22  SUCCESS   🎉 Sincronización completada sin errores
2026-06-23 15:35:45  INFO      ⏰ Auto-sync automático iniciado por scheduler (cada 15 min)
2026-06-23 15:35:45  INFO      ═══════════════════════════════════════════════════════
2026-06-23 15:35:45  INFO      🚀 Iniciando sincronización — 2026-06-23 15:35:45
2026-06-23 15:35:45  INFO         Campos a sincronizar: price
2026-06-23 15:35:45  INFO      ═══════════════════════════════════════════════════════
2026-06-23 15:35:45  INFO      🔌 Conectando a SQL Server…
2026-06-23 15:35:46  INFO      📦 Productos leídos de SQL Server: 13,717
2026-06-23 15:35:46  INFO      ☁️  Leyendo productos de Supabase…
2026-06-23 15:35:48  INFO      🗄️  Productos en Supabase (con barcode): 1,850
2026-06-23 15:35:48  INFO      ───────────────────────────────────────────────────────
2026-06-23 15:35:48  INFO      ═══════════════════════════════════════════════════════
2026-06-23 15:35:48  INFO      📊 RESUMEN FINAL
2026-06-23 15:35:48  INFO         ✏️  Actualizados   : 0
2026-06-23 15:35:48  INFO         ✅ Sin cambios     : 1,590
2026-06-23 15:35:48  INFO         🔍 No encontrados  : 12,127  (barcode no existe en Supabase)
2026-06-23 15:35:48  INFO         ❌ Errores         : 0
2026-06-23 15:35:48  INFO         ⏱️  Duración        : 3.3 segundos
2026-06-23 15:35:48  INFO      ═══════════════════════════════════════════════════════
2026-06-23 15:35:48  SUCCESS   🎉 Sincronización completada sin errores
2026-06-23 15:37:18  INFO      ═══════════════════════════════════════════════════════
2026-06-23 15:37:18  INFO      🚀 Iniciando sincronización — 2026-06-23 15:37:18
2026-06-23 15:37:18  INFO         Campos a sincronizar: price
2026-06-23 15:37:18  INFO      ═══════════════════════════════════════════════════════
2026-06-23 15:37:18  INFO      🔌 Conectando a SQL Server…
2026-06-23 15:37:21  INFO      📦 Productos leídos de SQL Server: 13,717
2026-06-23 15:37:21  INFO      ☁️  Leyendo productos de Supabase…
2026-06-23 15:37:23  INFO      🗄️  Productos en Supabase (con barcode): 1,850
2026-06-23 15:37:23  INFO      ───────────────────────────────────────────────────────
2026-06-23 15:37:23  INFO      ═══════════════════════════════════════════════════════
2026-06-23 15:37:23  INFO      📊 RESUMEN FINAL
2026-06-23 15:37:23  INFO         ✏️  Actualizados   : 0
2026-06-23 15:37:23  INFO         ✅ Sin cambios     : 1,590
2026-06-23 15:37:23  INFO         🔍 No encontrados  : 12,127  (barcode no existe en Supabase)
2026-06-23 15:37:23  INFO         ❌ Errores         : 0
2026-06-23 15:37:23  INFO         ⏱️  Duración        : 4.2 segundos
2026-06-23 15:37:23  INFO      ═══════════════════════════════════════════════════════
2026-06-23 15:37:23  SUCCESS   🎉 Sincronización completada sin errores
2026-06-23 15:50:45  INFO      ⏰ Auto-sync automático iniciado por scheduler (cada 15 min)
2026-06-23 15:50:45  INFO      ═══════════════════════════════════════════════════════
2026-06-23 15:50:45  INFO      🚀 Iniciando sincronización — 2026-06-23 15:50:45
2026-06-23 15:50:45  INFO         Campos a sincronizar: price
2026-06-23 15:50:45  INFO      ═══════════════════════════════════════════════════════
2026-06-23 15:50:45  INFO      🔌 Conectando a SQL Server…
2026-06-23 15:50:46  INFO      📦 Productos leídos de SQL Server: 13,717
2026-06-23 15:50:46  INFO      ☁️  Leyendo productos de Supabase…
2026-06-23 15:50:48  INFO      🗄️  Productos en Supabase (con barcode): 1,850
2026-06-23 15:50:48  INFO      ───────────────────────────────────────────────────────
2026-06-23 15:50:48  INFO      ═══════════════════════════════════════════════════════
2026-06-23 15:50:48  INFO      📊 RESUMEN FINAL
2026-06-23 15:50:48  INFO         ✏️  Actualizados   : 0
2026-06-23 15:50:48  INFO         ✅ Sin cambios     : 1,590
2026-06-23 15:50:48  INFO         🔍 No encontrados  : 12,127  (barcode no existe en Supabase)
2026-06-23 15:50:48  INFO         ❌ Errores         : 0
2026-06-23 15:50:48  INFO         ⏱️  Duración        : 3.3 segundos
2026-06-23 15:50:48  INFO      ═══════════════════════════════════════════════════════
2026-06-23 15:50:48  SUCCESS   🎉 Sincronización completada sin errores
2026-06-23 15:52:18  INFO      ═══════════════════════════════════════════════════════
2026-06-23 15:52:18  INFO      🚀 Iniciando sincronización — 2026-06-23 15:52:18
2026-06-23 15:52:18  INFO         Campos a sincronizar: price
2026-06-23 15:52:18  INFO      ═══════════════════════════════════════════════════════
2026-06-23 15:52:18  INFO      🔌 Conectando a SQL Server…
2026-06-23 15:52:19  INFO      📦 Productos leídos de SQL Server: 13,717
2026-06-23 15:52:19  INFO      ☁️  Leyendo productos de Supabase…
2026-06-23 15:52:22  INFO      🗄️  Productos en Supabase (con barcode): 1,850
2026-06-23 15:52:22  INFO      ───────────────────────────────────────────────────────
2026-06-23 15:52:22  INFO      ═══════════════════════════════════════════════════════
2026-06-23 15:52:22  INFO      📊 RESUMEN FINAL
2026-06-23 15:52:22  INFO         ✏️  Actualizados   : 0
2026-06-23 15:52:22  INFO         ✅ Sin cambios     : 1,590
2026-06-23 15:52:22  INFO         🔍 No encontrados  : 12,127  (barcode no existe en Supabase)
2026-06-23 15:52:22  INFO         ❌ Errores         : 0
2026-06-23 15:52:22  INFO         ⏱️  Duración        : 3.2 segundos
2026-06-23 15:52:22  INFO      ═══════════════════════════════════════════════════════
2026-06-23 15:52:22  SUCCESS   🎉 Sincronización completada sin errores
2026-06-23 16:05:45  INFO      ⏰ Auto-sync automático iniciado por scheduler (cada 15 min)
2026-06-23 16:05:45  INFO      ═══════════════════════════════════════════════════════
2026-06-23 16:05:45  INFO      🚀 Iniciando sincronización — 2026-06-23 16:05:45
2026-06-23 16:05:45  INFO         Campos a sincronizar: price
2026-06-23 16:05:45  INFO      ═══════════════════════════════════════════════════════
2026-06-23 16:05:45  INFO      🔌 Conectando a SQL Server…
2026-06-23 16:05:46  INFO      📦 Productos leídos de SQL Server: 13,717
2026-06-23 16:05:46  INFO      ☁️  Leyendo productos de Supabase…
2026-06-23 16:05:48  INFO      🗄️  Productos en Supabase (con barcode): 1,850
2026-06-23 16:05:48  INFO      ───────────────────────────────────────────────────────
2026-06-23 16:05:48  INFO      ═══════════════════════════════════════════════════════
2026-06-23 16:05:48  INFO      📊 RESUMEN FINAL
2026-06-23 16:05:48  INFO         ✏️  Actualizados   : 0
2026-06-23 16:05:48  INFO         ✅ Sin cambios     : 1,590
2026-06-23 16:05:48  INFO         🔍 No encontrados  : 12,127  (barcode no existe en Supabase)
2026-06-23 16:05:48  INFO         ❌ Errores         : 0
2026-06-23 16:05:48  INFO         ⏱️  Duración        : 2.9 segundos
2026-06-23 16:05:48  INFO      ═══════════════════════════════════════════════════════
2026-06-23 16:05:48  SUCCESS   🎉 Sincronización completada sin errores
2026-06-23 16:07:18  INFO      ═══════════════════════════════════════════════════════
2026-06-23 16:07:18  INFO      🚀 Iniciando sincronización — 2026-06-23 16:07:18
2026-06-23 16:07:18  INFO         Campos a sincronizar: price
2026-06-23 16:07:18  INFO      ═══════════════════════════════════════════════════════
2026-06-23 16:07:18  INFO      🔌 Conectando a SQL Server…
2026-06-23 16:07:19  INFO      📦 Productos leídos de SQL Server: 13,717
2026-06-23 16:07:19  INFO      ☁️  Leyendo productos de Supabase…
2026-06-23 16:07:21  INFO      🗄️  Productos en Supabase (con barcode): 1,850
2026-06-23 16:07:21  INFO      ───────────────────────────────────────────────────────
2026-06-23 16:07:21  INFO      ═══════════════════════════════════════════════════════
2026-06-23 16:07:21  INFO      📊 RESUMEN FINAL
2026-06-23 16:07:21  INFO         ✏️  Actualizados   : 0
2026-06-23 16:07:21  INFO         ✅ Sin cambios     : 1,590
2026-06-23 16:07:21  INFO         🔍 No encontrados  : 12,127  (barcode no existe en Supabase)
2026-06-23 16:07:21  INFO         ❌ Errores         : 0
2026-06-23 16:07:21  INFO         ⏱️  Duración        : 2.8 segundos
2026-06-23 16:07:21  INFO      ═══════════════════════════════════════════════════════
2026-06-23 16:07:21  SUCCESS   🎉 Sincronización completada sin errores
2026-06-23 16:20:45  INFO      ⏰ Auto-sync automático iniciado por scheduler (cada 15 min)
2026-06-23 16:20:45  INFO      ═══════════════════════════════════════════════════════
2026-06-23 16:20:45  INFO      🚀 Iniciando sincronización — 2026-06-23 16:20:45
2026-06-23 16:20:45  INFO         Campos a sincronizar: price
2026-06-23 16:20:45  INFO      ═══════════════════════════════════════════════════════
2026-06-23 16:20:45  INFO      🔌 Conectando a SQL Server…
2026-06-23 16:20:46  INFO      📦 Productos leídos de SQL Server: 13,717
2026-06-23 16:20:46  INFO      ☁️  Leyendo productos de Supabase…
2026-06-23 16:20:48  INFO      🗄️  Productos en Supabase (con barcode): 1,850
2026-06-23 16:20:48  INFO      ───────────────────────────────────────────────────────
2026-06-23 16:20:48  INFO      ═══════════════════════════════════════════════════════
2026-06-23 16:20:48  INFO      📊 RESUMEN FINAL
2026-06-23 16:20:48  INFO         ✏️  Actualizados   : 0
2026-06-23 16:20:48  INFO         ✅ Sin cambios     : 1,590
2026-06-23 16:20:48  INFO         🔍 No encontrados  : 12,127  (barcode no existe en Supabase)
2026-06-23 16:20:48  INFO         ❌ Errores         : 0
2026-06-23 16:20:48  INFO         ⏱️  Duración        : 2.9 segundos
2026-06-23 16:20:48  INFO      ═══════════════════════════════════════════════════════
2026-06-23 16:20:48  SUCCESS   🎉 Sincronización completada sin errores
2026-06-23 16:22:19  INFO      ═══════════════════════════════════════════════════════
2026-06-23 16:22:19  INFO      🚀 Iniciando sincronización — 2026-06-23 16:22:19
2026-06-23 16:22:19  INFO         Campos a sincronizar: price
2026-06-23 16:22:19  INFO      ═══════════════════════════════════════════════════════
2026-06-23 16:22:19  INFO      🔌 Conectando a SQL Server…
2026-06-23 16:22:20  INFO      📦 Productos leídos de SQL Server: 13,717
2026-06-23 16:22:20  INFO      ☁️  Leyendo productos de Supabase…
2026-06-23 16:22:21  INFO      🗄️  Productos en Supabase (con barcode): 1,850
2026-06-23 16:22:21  INFO      ───────────────────────────────────────────────────────
2026-06-23 16:22:22  INFO      ═══════════════════════════════════════════════════════
2026-06-23 16:22:22  INFO      📊 RESUMEN FINAL
2026-06-23 16:22:22  INFO         ✏️  Actualizados   : 0
2026-06-23 16:22:22  INFO         ✅ Sin cambios     : 1,590
2026-06-23 16:22:22  INFO         🔍 No encontrados  : 12,127  (barcode no existe en Supabase)
2026-06-23 16:22:22  INFO         ❌ Errores         : 0
2026-06-23 16:22:22  INFO         ⏱️  Duración        : 3.0 segundos
2026-06-23 16:22:22  INFO      ═══════════════════════════════════════════════════════
2026-06-23 16:22:22  SUCCESS   🎉 Sincronización completada sin errores
2026-06-23 16:35:45  INFO      ⏰ Auto-sync automático iniciado por scheduler (cada 15 min)
2026-06-23 16:35:45  INFO      ═══════════════════════════════════════════════════════
2026-06-23 16:35:45  INFO      🚀 Iniciando sincronización — 2026-06-23 16:35:45
2026-06-23 16:35:45  INFO         Campos a sincronizar: price
2026-06-23 16:35:45  INFO      ═══════════════════════════════════════════════════════
2026-06-23 16:35:45  INFO      🔌 Conectando a SQL Server…
2026-06-23 16:35:46  INFO      📦 Productos leídos de SQL Server: 13,718
2026-06-23 16:35:46  INFO      ☁️  Leyendo productos de Supabase…
2026-06-23 16:35:48  INFO      🗄️  Productos en Supabase (con barcode): 1,850
2026-06-23 16:35:48  INFO      ───────────────────────────────────────────────────────
2026-06-23 16:35:49  INFO        ✏️  [7622201390211]  GALLETAS RITZ ORIGINAL 240g            price=155.0
2026-06-23 16:35:49  INFO      ═══════════════════════════════════════════════════════
2026-06-23 16:35:49  INFO      📊 RESUMEN FINAL
2026-06-23 16:35:49  INFO         ✏️  Actualizados   : 1
2026-06-23 16:35:49  INFO         ✅ Sin cambios     : 1,589
2026-06-23 16:35:49  INFO         🔍 No encontrados  : 12,128  (barcode no existe en Supabase)
2026-06-23 16:35:49  INFO         ❌ Errores         : 0
2026-06-23 16:35:49  INFO         ⏱️  Duración        : 3.6 segundos
2026-06-23 16:35:49  INFO      ═══════════════════════════════════════════════════════
2026-06-23 16:35:49  SUCCESS   🎉 Sincronización completada sin errores
2026-06-23 16:37:18  INFO      ═══════════════════════════════════════════════════════
2026-06-23 16:37:18  INFO      🚀 Iniciando sincronización — 2026-06-23 16:37:18
2026-06-23 16:37:18  INFO         Campos a sincronizar: price
2026-06-23 16:37:18  INFO      ═══════════════════════════════════════════════════════
2026-06-23 16:37:18  INFO      🔌 Conectando a SQL Server…
2026-06-23 16:37:20  INFO      📦 Productos leídos de SQL Server: 13,718
2026-06-23 16:37:20  INFO      ☁️  Leyendo productos de Supabase…
2026-06-23 16:37:22  INFO      🗄️  Productos en Supabase (con barcode): 1,850
2026-06-23 16:37:22  INFO      ───────────────────────────────────────────────────────
2026-06-23 16:37:22  INFO      ═══════════════════════════════════════════════════════
2026-06-23 16:37:22  INFO      📊 RESUMEN FINAL
2026-06-23 16:37:22  INFO         ✏️  Actualizados   : 0
2026-06-23 16:37:22  INFO         ✅ Sin cambios     : 1,590
2026-06-23 16:37:22  INFO         🔍 No encontrados  : 12,128  (barcode no existe en Supabase)
2026-06-23 16:37:22  INFO         ❌ Errores         : 0
2026-06-23 16:37:22  INFO         ⏱️  Duración        : 3.8 segundos
2026-06-23 16:37:22  INFO      ═══════════════════════════════════════════════════════
2026-06-23 16:37:22  SUCCESS   🎉 Sincronización completada sin errores
2026-06-23 16:50:45  INFO      ⏰ Auto-sync automático iniciado por scheduler (cada 15 min)
2026-06-23 16:50:45  INFO      ═══════════════════════════════════════════════════════
2026-06-23 16:50:45  INFO      🚀 Iniciando sincronización — 2026-06-23 16:50:45
2026-06-23 16:50:45  INFO         Campos a sincronizar: price
2026-06-23 16:50:45  INFO      ═══════════════════════════════════════════════════════
2026-06-23 16:50:45  INFO      🔌 Conectando a SQL Server…
2026-06-23 16:50:46  INFO      📦 Productos leídos de SQL Server: 13,718
2026-06-23 16:50:46  INFO      ☁️  Leyendo productos de Supabase…
2026-06-23 16:50:48  INFO      🗄️  Productos en Supabase (con barcode): 1,850
2026-06-23 16:50:48  INFO      ───────────────────────────────────────────────────────
2026-06-23 16:50:48  INFO      ═══════════════════════════════════════════════════════
2026-06-23 16:50:48  INFO      📊 RESUMEN FINAL
2026-06-23 16:50:48  INFO         ✏️  Actualizados   : 0
2026-06-23 16:50:48  INFO         ✅ Sin cambios     : 1,590
2026-06-23 16:50:48  INFO         🔍 No encontrados  : 12,128  (barcode no existe en Supabase)
2026-06-23 16:50:48  INFO         ❌ Errores         : 0
2026-06-23 16:50:48  INFO         ⏱️  Duración        : 3.0 segundos
2026-06-23 16:50:48  INFO      ═══════════════════════════════════════════════════════
2026-06-23 16:50:48  SUCCESS   🎉 Sincronización completada sin errores
2026-06-23 16:52:19  INFO      ═══════════════════════════════════════════════════════
2026-06-23 16:52:19  INFO      🚀 Iniciando sincronización — 2026-06-23 16:52:19
2026-06-23 16:52:19  INFO         Campos a sincronizar: price
2026-06-23 16:52:19  INFO      ═══════════════════════════════════════════════════════
2026-06-23 16:52:19  INFO      🔌 Conectando a SQL Server…
2026-06-23 16:52:20  INFO      📦 Productos leídos de SQL Server: 13,718
2026-06-23 16:52:20  INFO      ☁️  Leyendo productos de Supabase…
2026-06-23 16:52:21  INFO      🗄️  Productos en Supabase (con barcode): 1,850
2026-06-23 16:52:21  INFO      ───────────────────────────────────────────────────────
2026-06-23 16:52:21  INFO      ═══════════════════════════════════════════════════════
2026-06-23 16:52:21  INFO      📊 RESUMEN FINAL
2026-06-23 16:52:21  INFO         ✏️  Actualizados   : 0
2026-06-23 16:52:21  INFO         ✅ Sin cambios     : 1,590
2026-06-23 16:52:21  INFO         🔍 No encontrados  : 12,128  (barcode no existe en Supabase)
2026-06-23 16:52:21  INFO         ❌ Errores         : 0
2026-06-23 16:52:21  INFO         ⏱️  Duración        : 2.9 segundos
2026-06-23 16:52:21  INFO      ═══════════════════════════════════════════════════════
2026-06-23 16:52:21  SUCCESS   🎉 Sincronización completada sin errores
2026-06-23 17:05:45  INFO      ⏰ Auto-sync automático iniciado por scheduler (cada 15 min)
2026-06-23 17:05:45  INFO      ═══════════════════════════════════════════════════════
2026-06-23 17:05:45  INFO      🚀 Iniciando sincronización — 2026-06-23 17:05:45
2026-06-23 17:05:45  INFO         Campos a sincronizar: price
2026-06-23 17:05:45  INFO      ═══════════════════════════════════════════════════════
2026-06-23 17:05:45  INFO      🔌 Conectando a SQL Server…
2026-06-23 17:05:46  INFO      📦 Productos leídos de SQL Server: 13,718
2026-06-23 17:05:46  INFO      ☁️  Leyendo productos de Supabase…
2026-06-23 17:05:48  INFO      🗄️  Productos en Supabase (con barcode): 1,850
2026-06-23 17:05:48  INFO      ───────────────────────────────────────────────────────
2026-06-23 17:05:48  INFO      ═══════════════════════════════════════════════════════
2026-06-23 17:05:48  INFO      📊 RESUMEN FINAL
2026-06-23 17:05:48  INFO         ✏️  Actualizados   : 0
2026-06-23 17:05:48  INFO         ✅ Sin cambios     : 1,590
2026-06-23 17:05:48  INFO         🔍 No encontrados  : 12,128  (barcode no existe en Supabase)
2026-06-23 17:05:48  INFO         ❌ Errores         : 0
2026-06-23 17:05:48  INFO         ⏱️  Duración        : 2.8 segundos
2026-06-23 17:05:48  INFO      ═══════════════════════════════════════════════════════
2026-06-23 17:05:48  SUCCESS   🎉 Sincronización completada sin errores
2026-06-23 17:07:18  INFO      ═══════════════════════════════════════════════════════
2026-06-23 17:07:18  INFO      🚀 Iniciando sincronización — 2026-06-23 17:07:18
2026-06-23 17:07:18  INFO         Campos a sincronizar: price
2026-06-23 17:07:18  INFO      ═══════════════════════════════════════════════════════
2026-06-23 17:07:18  INFO      🔌 Conectando a SQL Server…
2026-06-23 17:07:19  INFO      📦 Productos leídos de SQL Server: 13,718
2026-06-23 17:07:19  INFO      ☁️  Leyendo productos de Supabase…
2026-06-23 17:07:21  INFO      🗄️  Productos en Supabase (con barcode): 1,850
2026-06-23 17:07:21  INFO      ───────────────────────────────────────────────────────
2026-06-23 17:07:21  INFO      ═══════════════════════════════════════════════════════
2026-06-23 17:07:21  INFO      📊 RESUMEN FINAL
2026-06-23 17:07:21  INFO         ✏️  Actualizados   : 0
2026-06-23 17:07:21  INFO         ✅ Sin cambios     : 1,590
2026-06-23 17:07:21  INFO         🔍 No encontrados  : 12,128  (barcode no existe en Supabase)
2026-06-23 17:07:21  INFO         ❌ Errores         : 0
2026-06-23 17:07:21  INFO         ⏱️  Duración        : 2.9 segundos
2026-06-23 17:07:21  INFO      ═══════════════════════════════════════════════════════
2026-06-23 17:07:21  SUCCESS   🎉 Sincronización completada sin errores
2026-06-23 17:20:45  INFO      ⏰ Auto-sync automático iniciado por scheduler (cada 15 min)
2026-06-23 17:20:45  INFO      ═══════════════════════════════════════════════════════
2026-06-23 17:20:45  INFO      🚀 Iniciando sincronización — 2026-06-23 17:20:45
2026-06-23 17:20:45  INFO         Campos a sincronizar: price
2026-06-23 17:20:45  INFO      ═══════════════════════════════════════════════════════
2026-06-23 17:20:45  INFO      🔌 Conectando a SQL Server…
2026-06-23 17:20:46  INFO      📦 Productos leídos de SQL Server: 13,718
2026-06-23 17:20:46  INFO      ☁️  Leyendo productos de Supabase…
2026-06-23 17:20:48  INFO      🗄️  Productos en Supabase (con barcode): 1,850
2026-06-23 17:20:48  INFO      ───────────────────────────────────────────────────────
2026-06-23 17:20:48  INFO      ═══════════════════════════════════════════════════════
2026-06-23 17:20:48  INFO      📊 RESUMEN FINAL
2026-06-23 17:20:48  INFO         ✏️  Actualizados   : 0
2026-06-23 17:20:48  INFO         ✅ Sin cambios     : 1,590
2026-06-23 17:20:48  INFO         🔍 No encontrados  : 12,128  (barcode no existe en Supabase)
2026-06-23 17:20:48  INFO         ❌ Errores         : 0
2026-06-23 17:20:48  INFO         ⏱️  Duración        : 2.8 segundos
2026-06-23 17:20:48  INFO      ═══════════════════════════════════════════════════════
2026-06-23 17:20:48  SUCCESS   🎉 Sincronización completada sin errores
2026-06-23 17:22:19  INFO      ═══════════════════════════════════════════════════════
2026-06-23 17:22:19  INFO      🚀 Iniciando sincronización — 2026-06-23 17:22:19
2026-06-23 17:22:19  INFO         Campos a sincronizar: price
2026-06-23 17:22:19  INFO      ═══════════════════════════════════════════════════════
2026-06-23 17:22:19  INFO      🔌 Conectando a SQL Server…
2026-06-23 17:22:20  INFO      📦 Productos leídos de SQL Server: 13,718
2026-06-23 17:22:20  INFO      ☁️  Leyendo productos de Supabase…
2026-06-23 17:22:21  INFO      🗄️  Productos en Supabase (con barcode): 1,850
2026-06-23 17:22:21  INFO      ───────────────────────────────────────────────────────
2026-06-23 17:22:22  INFO        ✏️  [7460193704063]  ACEITE DE SOYA CRISOL 250z             price=1200.0
2026-06-23 17:22:23  INFO        ✏️  [7462381390874]  ACEITE EL GALLO 15lbs                  price=1150.0
2026-06-23 17:22:23  INFO      ═══════════════════════════════════════════════════════
2026-06-23 17:22:23  INFO      📊 RESUMEN FINAL
2026-06-23 17:22:23  INFO         ✏️  Actualizados   : 2
2026-06-23 17:22:23  INFO         ✅ Sin cambios     : 1,588
2026-06-23 17:22:23  INFO         🔍 No encontrados  : 12,128  (barcode no existe en Supabase)
2026-06-23 17:22:23  INFO         ❌ Errores         : 0
2026-06-23 17:22:23  INFO         ⏱️  Duración        : 4.2 segundos
2026-06-23 17:22:23  INFO      ═══════════════════════════════════════════════════════
2026-06-23 17:22:23  SUCCESS   🎉 Sincronización completada sin errores
2026-06-23 17:35:45  INFO      ⏰ Auto-sync automático iniciado por scheduler (cada 15 min)
2026-06-23 17:35:45  INFO      ═══════════════════════════════════════════════════════
2026-06-23 17:35:45  INFO      🚀 Iniciando sincronización — 2026-06-23 17:35:45
2026-06-23 17:35:45  INFO         Campos a sincronizar: price
2026-06-23 17:35:45  INFO      ═══════════════════════════════════════════════════════
2026-06-23 17:35:45  INFO      🔌 Conectando a SQL Server…
2026-06-23 17:35:46  INFO      📦 Productos leídos de SQL Server: 13,718
2026-06-23 17:35:46  INFO      ☁️  Leyendo productos de Supabase…
2026-06-23 17:35:48  INFO      🗄️  Productos en Supabase (con barcode): 1,850
2026-06-23 17:35:48  INFO      ───────────────────────────────────────────────────────
2026-06-23 17:35:49  INFO        ✏️  [7703141100013]  ESCOBA ECONOMICA LINDA                 price=170.0
2026-06-23 17:35:49  INFO      ═══════════════════════════════════════════════════════
2026-06-23 17:35:49  INFO      📊 RESUMEN FINAL
2026-06-23 17:35:49  INFO         ✏️  Actualizados   : 1
2026-06-23 17:35:49  INFO         ✅ Sin cambios     : 1,589
2026-06-23 17:35:49  INFO         🔍 No encontrados  : 12,128  (barcode no existe en Supabase)
2026-06-23 17:35:49  INFO         ❌ Errores         : 0
2026-06-23 17:35:49  INFO         ⏱️  Duración        : 3.9 segundos
2026-06-23 17:35:49  INFO      ═══════════════════════════════════════════════════════
2026-06-23 17:35:49  SUCCESS   🎉 Sincronización completada sin errores
2026-06-23 17:37:18  INFO      ═══════════════════════════════════════════════════════
2026-06-23 17:37:18  INFO      🚀 Iniciando sincronización — 2026-06-23 17:37:18
2026-06-23 17:37:18  INFO         Campos a sincronizar: price
2026-06-23 17:37:18  INFO      ═══════════════════════════════════════════════════════
2026-06-23 17:37:18  INFO      🔌 Conectando a SQL Server…
2026-06-23 17:37:19  INFO      📦 Productos leídos de SQL Server: 13,718
2026-06-23 17:37:19  INFO      ☁️  Leyendo productos de Supabase…
2026-06-23 17:37:22  INFO      🗄️  Productos en Supabase (con barcode): 1,850
2026-06-23 17:37:22  INFO      ───────────────────────────────────────────────────────
2026-06-23 17:37:22  INFO      ═══════════════════════════════════════════════════════
2026-06-23 17:37:22  INFO      📊 RESUMEN FINAL
2026-06-23 17:37:22  INFO         ✏️  Actualizados   : 0
2026-06-23 17:37:22  INFO         ✅ Sin cambios     : 1,590
2026-06-23 17:37:22  INFO         🔍 No encontrados  : 12,128  (barcode no existe en Supabase)
2026-06-23 17:37:22  INFO         ❌ Errores         : 0
2026-06-23 17:37:22  INFO         ⏱️  Duración        : 3.1 segundos
2026-06-23 17:37:22  INFO      ═══════════════════════════════════════════════════════
2026-06-23 17:37:22  SUCCESS   🎉 Sincronización completada sin errores
2026-06-23 17:50:45  INFO      ⏰ Auto-sync automático iniciado por scheduler (cada 15 min)
2026-06-23 17:50:45  INFO      ═══════════════════════════════════════════════════════
2026-06-23 17:50:45  INFO      🚀 Iniciando sincronización — 2026-06-23 17:50:45
2026-06-23 17:50:45  INFO         Campos a sincronizar: price
2026-06-23 17:50:45  INFO      ═══════════════════════════════════════════════════════
2026-06-23 17:50:45  INFO      🔌 Conectando a SQL Server…
2026-06-23 17:50:49  INFO      📦 Productos leídos de SQL Server: 13,718
2026-06-23 17:50:49  INFO      ☁️  Leyendo productos de Supabase…
2026-06-23 17:50:51  INFO      🗄️  Productos en Supabase (con barcode): 1,850
2026-06-23 17:50:51  INFO      ───────────────────────────────────────────────────────
2026-06-23 17:50:51  INFO      ═══════════════════════════════════════════════════════
2026-06-23 17:50:51  INFO      📊 RESUMEN FINAL
2026-06-23 17:50:51  INFO         ✏️  Actualizados   : 0
2026-06-23 17:50:51  INFO         ✅ Sin cambios     : 1,590
2026-06-23 17:50:51  INFO         🔍 No encontrados  : 12,128  (barcode no existe en Supabase)
2026-06-23 17:50:51  INFO         ❌ Errores         : 0
2026-06-23 17:50:51  INFO         ⏱️  Duración        : 6.1 segundos
2026-06-23 17:50:51  INFO      ═══════════════════════════════════════════════════════
2026-06-23 17:50:51  SUCCESS   🎉 Sincronización completada sin errores
2026-06-23 17:52:19  INFO      ═══════════════════════════════════════════════════════
2026-06-23 17:52:19  INFO      🚀 Iniciando sincronización — 2026-06-23 17:52:19
2026-06-23 17:52:19  INFO         Campos a sincronizar: price
2026-06-23 17:52:19  INFO      ═══════════════════════════════════════════════════════
2026-06-23 17:52:19  INFO      🔌 Conectando a SQL Server…
2026-06-23 17:52:20  INFO      📦 Productos leídos de SQL Server: 13,718
2026-06-23 17:52:20  INFO      ☁️  Leyendo productos de Supabase…
2026-06-23 17:52:22  INFO      🗄️  Productos en Supabase (con barcode): 1,850
2026-06-23 17:52:22  INFO      ───────────────────────────────────────────────────────
2026-06-23 17:52:22  INFO      ═══════════════════════════════════════════════════════
2026-06-23 17:52:22  INFO      📊 RESUMEN FINAL
2026-06-23 17:52:22  INFO         ✏️  Actualizados   : 0
2026-06-23 17:52:22  INFO         ✅ Sin cambios     : 1,590
2026-06-23 17:52:22  INFO         🔍 No encontrados  : 12,128  (barcode no existe en Supabase)
2026-06-23 17:52:22  INFO         ❌ Errores         : 0
2026-06-23 17:52:22  INFO         ⏱️  Duración        : 3.1 segundos
2026-06-23 17:52:22  INFO      ═══════════════════════════════════════════════════════
2026-06-23 17:52:22  SUCCESS   🎉 Sincronización completada sin errores
2026-06-23 17:58:22  SUCCESS   ⏰ Auto-sync programado activado: cada 2 minutos.
2026-06-23 17:58:22  SUCCESS   ⏰ Auto-sync programado activado: cada 24 minutos.
2026-06-23 17:58:23  SUCCESS   ⏰ Auto-sync programado activado: cada 240 minutos.
2026-06-23 21:58:23  INFO      ⏰ Auto-sync automático iniciado por scheduler (cada 240 min)
2026-06-23 21:58:23  INFO      ═══════════════════════════════════════════════════════
2026-06-23 21:58:23  INFO      🚀 Iniciando sincronización — 2026-06-23 21:58:23
2026-06-23 21:58:23  INFO         Campos a sincronizar: price
2026-06-23 21:58:23  INFO      ═══════════════════════════════════════════════════════
2026-06-23 21:58:23  INFO      🔌 Conectando a SQL Server…
2026-06-23 21:58:24  INFO      📦 Productos leídos de SQL Server: 13,718
2026-06-23 21:58:24  INFO      ☁️  Leyendo productos de Supabase…
2026-06-23 21:58:26  INFO      🗄️  Productos en Supabase (con barcode): 1,851
2026-06-23 21:58:26  INFO      ───────────────────────────────────────────────────────
2026-06-23 21:58:26  INFO      ═══════════════════════════════════════════════════════
2026-06-23 21:58:26  INFO      📊 RESUMEN FINAL
2026-06-23 21:58:26  INFO         ✏️  Actualizados   : 0
2026-06-23 21:58:26  INFO         ✅ Sin cambios     : 1,591
2026-06-23 21:58:26  INFO         🔍 No encontrados  : 12,127  (barcode no existe en Supabase)
2026-06-23 21:58:26  INFO         ❌ Errores         : 0
2026-06-23 21:58:26  INFO         ⏱️  Duración        : 3.3 segundos
2026-06-23 21:58:26  INFO      ═══════════════════════════════════════════════════════
2026-06-23 21:58:26  SUCCESS   🎉 Sincronización completada sin errores
2026-06-23 22:51:18  INFO      ═══════════════════════════════════════════════════════
2026-06-23 22:51:18  INFO      🚀 Iniciando sincronización — 2026-06-23 22:51:18
2026-06-23 22:51:18  INFO         Campos a sincronizar: price
2026-06-23 22:51:18  INFO      ═══════════════════════════════════════════════════════
2026-06-23 22:51:18  INFO      🔌 Conectando a SQL Server…
2026-06-23 22:51:19  INFO      📦 Productos leídos de SQL Server: 13,718
2026-06-23 22:51:19  INFO      ☁️  Leyendo productos de Supabase…
2026-06-23 22:51:21  INFO      🗄️  Productos en Supabase (con barcode): 1,851
2026-06-23 22:51:21  INFO      ───────────────────────────────────────────────────────
2026-06-23 22:51:21  INFO      ═══════════════════════════════════════════════════════
2026-06-23 22:51:21  INFO      📊 RESUMEN FINAL
2026-06-23 22:51:21  INFO         ✏️  Actualizados   : 0
2026-06-23 22:51:21  INFO         ✅ Sin cambios     : 1,591
2026-06-23 22:51:21  INFO         🔍 No encontrados  : 12,127  (barcode no existe en Supabase)
2026-06-23 22:51:21  INFO         ❌ Errores         : 0
2026-06-23 22:51:21  INFO         ⏱️  Duración        : 2.9 segundos
2026-06-23 22:51:21  INFO      ═══════════════════════════════════════════════════════
2026-06-23 22:51:21  SUCCESS   🎉 Sincronización completada sin errores
2026-06-24 01:58:23  INFO      ⏰ Auto-sync automático iniciado por scheduler (cada 240 min)
2026-06-24 01:58:23  INFO      ═══════════════════════════════════════════════════════
2026-06-24 01:58:23  INFO      🚀 Iniciando sincronización — 2026-06-24 01:58:23
2026-06-24 01:58:23  INFO         Campos a sincronizar: price
2026-06-24 01:58:23  INFO      ═══════════════════════════════════════════════════════
2026-06-24 01:58:23  INFO      🔌 Conectando a SQL Server…
2026-06-24 01:58:24  INFO      📦 Productos leídos de SQL Server: 13,718
2026-06-24 01:58:24  INFO      ☁️  Leyendo productos de Supabase…
2026-06-24 01:58:25  INFO      🗄️  Productos en Supabase (con barcode): 1,851
2026-06-24 01:58:25  INFO      ───────────────────────────────────────────────────────
2026-06-24 01:58:26  INFO      ═══════════════════════════════════════════════════════
2026-06-24 01:58:26  INFO      📊 RESUMEN FINAL
2026-06-24 01:58:26  INFO         ✏️  Actualizados   : 0
2026-06-24 01:58:26  INFO         ✅ Sin cambios     : 1,591
2026-06-24 01:58:26  INFO         🔍 No encontrados  : 12,127  (barcode no existe en Supabase)
2026-06-24 01:58:26  INFO         ❌ Errores         : 0
2026-06-24 01:58:26  INFO         ⏱️  Duración        : 2.8 segundos
2026-06-24 01:58:26  INFO      ═══════════════════════════════════════════════════════
2026-06-24 01:58:26  SUCCESS   🎉 Sincronización completada sin errores
2026-06-24 02:51:18  INFO      ═══════════════════════════════════════════════════════
2026-06-24 02:51:18  INFO      🚀 Iniciando sincronización — 2026-06-24 02:51:18
2026-06-24 02:51:18  INFO         Campos a sincronizar: price
2026-06-24 02:51:18  INFO      ═══════════════════════════════════════════════════════
2026-06-24 02:51:18  INFO      🔌 Conectando a SQL Server…
2026-06-24 02:51:20  INFO      📦 Productos leídos de SQL Server: 13,718
2026-06-24 02:51:20  INFO      ☁️  Leyendo productos de Supabase…
2026-06-24 02:51:22  INFO      🗄️  Productos en Supabase (con barcode): 1,851
2026-06-24 02:51:22  INFO      ───────────────────────────────────────────────────────
2026-06-24 02:51:22  INFO      ═══════════════════════════════════════════════════════
2026-06-24 02:51:22  INFO      📊 RESUMEN FINAL
2026-06-24 02:51:22  INFO         ✏️  Actualizados   : 0
2026-06-24 02:51:22  INFO         ✅ Sin cambios     : 1,591
2026-06-24 02:51:22  INFO         🔍 No encontrados  : 12,127  (barcode no existe en Supabase)
2026-06-24 02:51:22  INFO         ❌ Errores         : 0
2026-06-24 02:51:22  INFO         ⏱️  Duración        : 3.5 segundos
2026-06-24 02:51:22  INFO      ═══════════════════════════════════════════════════════
2026-06-24 02:51:22  SUCCESS   🎉 Sincronización completada sin errores
2026-06-24 05:58:23  INFO      ⏰ Auto-sync automático iniciado por scheduler (cada 240 min)
2026-06-24 05:58:23  INFO      ═══════════════════════════════════════════════════════
2026-06-24 05:58:23  INFO      🚀 Iniciando sincronización — 2026-06-24 05:58:23
2026-06-24 05:58:23  INFO         Campos a sincronizar: price
2026-06-24 05:58:23  INFO      ═══════════════════════════════════════════════════════
2026-06-24 05:58:23  INFO      🔌 Conectando a SQL Server…
2026-06-24 05:58:24  INFO      📦 Productos leídos de SQL Server: 13,718
2026-06-24 05:58:24  INFO      ☁️  Leyendo productos de Supabase…
2026-06-24 05:58:26  INFO      🗄️  Productos en Supabase (con barcode): 1,851
2026-06-24 05:58:26  INFO      ───────────────────────────────────────────────────────
2026-06-24 05:58:26  INFO      ═══════════════════════════════════════════════════════
2026-06-24 05:58:26  INFO      📊 RESUMEN FINAL
2026-06-24 05:58:26  INFO         ✏️  Actualizados   : 0
2026-06-24 05:58:26  INFO         ✅ Sin cambios     : 1,591
2026-06-24 05:58:26  INFO         🔍 No encontrados  : 12,127  (barcode no existe en Supabase)
2026-06-24 05:58:26  INFO         ❌ Errores         : 0
2026-06-24 05:58:26  INFO         ⏱️  Duración        : 2.8 segundos
2026-06-24 05:58:26  INFO      ═══════════════════════════════════════════════════════
2026-06-24 05:58:26  SUCCESS   🎉 Sincronización completada sin errores
2026-06-24 06:51:18  INFO      ═══════════════════════════════════════════════════════
2026-06-24 06:51:18  INFO      🚀 Iniciando sincronización — 2026-06-24 06:51:18
2026-06-24 06:51:18  INFO         Campos a sincronizar: price
2026-06-24 06:51:18  INFO      ═══════════════════════════════════════════════════════
2026-06-24 06:51:18  INFO      🔌 Conectando a SQL Server…
2026-06-24 06:51:19  INFO      📦 Productos leídos de SQL Server: 13,718
2026-06-24 06:51:19  INFO      ☁️  Leyendo productos de Supabase…
2026-06-24 06:51:22  INFO      🗄️  Productos en Supabase (con barcode): 1,851
2026-06-24 06:51:22  INFO      ───────────────────────────────────────────────────────
2026-06-24 06:51:22  INFO      ═══════════════════════════════════════════════════════
2026-06-24 06:51:22  INFO      📊 RESUMEN FINAL
2026-06-24 06:51:22  INFO         ✏️  Actualizados   : 0
2026-06-24 06:51:22  INFO         ✅ Sin cambios     : 1,591
2026-06-24 06:51:22  INFO         🔍 No encontrados  : 12,127  (barcode no existe en Supabase)
2026-06-24 06:51:22  INFO         ❌ Errores         : 0
2026-06-24 06:51:22  INFO         ⏱️  Duración        : 3.1 segundos
2026-06-24 06:51:22  INFO      ═══════════════════════════════════════════════════════
2026-06-24 06:51:22  SUCCESS   🎉 Sincronización completada sin errores
2026-07-12 18:27:57  INFO      ═══════════════════════════════════════════════════════
2026-07-12 18:27:57  INFO      🚀 Iniciando sincronización — 2026-07-12 18:27:57
2026-07-12 18:27:57  INFO         Campos a sincronizar: price
2026-07-12 18:27:57  INFO      ═══════════════════════════════════════════════════════
2026-07-12 18:27:57  INFO      🔌 Conectando a SQL Server…
2026-07-12 18:28:12  ERROR     ❌ Error SQL Server: ('08001', '[08001] [Microsoft][ODBC Driver 18 for SQL Server]TCP Provider: The wait operation timed out.\r\n (258) (SQLDriverConnect); [08001] [Microsoft][ODBC Driver 18 for SQL Server]Login timeout e
2026-07-12 18:33:41  INFO      ═══════════════════════════════════════════════════════
2026-07-12 18:33:41  INFO      🚀 Iniciando sincronización — 2026-07-12 18:33:41
2026-07-12 18:33:41  INFO         Campos a sincronizar: price
2026-07-12 18:33:41  INFO      ═══════════════════════════════════════════════════════
2026-07-12 18:33:41  INFO      🔌 Conectando a SQL Server…
2026-07-12 18:33:45  WARN      ⛔ Señal de cancelación recibida — deteniendo en próxima iteración…
2026-07-12 18:33:56  ERROR     ❌ Error SQL Server: ('08001', '[08001] [Microsoft][ODBC Driver 18 for SQL Server]TCP Provider: The wait operation timed out.\r\n (258) (SQLDriverConnect); [08001] [Microsoft][ODBC Driver 18 for SQL Server]Login timeout e
2026-07-27 12:08:51  INFO      ═══════════════════════════════════════════════════════
2026-07-27 12:08:51  INFO      🚀 Iniciando sincronización — 2026-07-27 12:08:51
2026-07-27 12:08:51  INFO         Campos a sincronizar: price
2026-07-27 12:08:51  INFO      ═══════════════════════════════════════════════════════
2026-07-27 12:08:51  INFO      🔌 Conectando a SQL Server…
2026-07-27 12:09:06  ERROR     ❌ Error SQL Server: ('08001', '[08001] [Microsoft][ODBC Driver 18 for SQL Server]TCP Provider: The wait operation timed out.\r\n (258) (SQLDriverConnect); [08001] [Microsoft][ODBC Driver 18 for SQL Server]Login timeout e
2026-07-27 12:16:51  INFO      ═══════════════════════════════════════════════════════
2026-07-27 12:16:51  INFO      🚀 Iniciando sincronización — 2026-07-27 12:16:51
2026-07-27 12:16:51  INFO         Campos a sincronizar: price
2026-07-27 12:16:51  INFO      ═══════════════════════════════════════════════════════
2026-07-27 12:16:51  INFO      🔌 Conectando a SQL Server…
2026-07-27 12:17:06  ERROR     ❌ Error SQL Server: ('08001', '[08001] [Microsoft][ODBC Driver 18 for SQL Server]TCP Provider: The wait operation timed out.\r\n (258) (SQLDriverConnect); [08001] [Microsoft][ODBC Driver 18 for SQL Server]Login timeout e
2026-07-27 12:32:12  INFO      ═══════════════════════════════════════════════════════
2026-07-27 12:32:12  INFO      🚀 Iniciando sincronización — 2026-07-27 12:32:12
2026-07-27 12:32:12  INFO         Campos a sincronizar: price
2026-07-27 12:32:12  INFO      ═══════════════════════════════════════════════════════
2026-07-27 12:32:12  INFO      🔌 Conectando a SQL Server…
2026-07-27 12:32:13  INFO      📦 Productos leídos de SQL Server: 13,802
2026-07-27 12:32:13  INFO      ☁️  Leyendo productos de Supabase…
2026-07-27 12:32:16  INFO      🗄️  Productos en Supabase (con barcode): 1,856
2026-07-27 12:32:16  INFO      ───────────────────────────────────────────────────────
2026-07-27 12:32:17  INFO        ✏️  [00000406]  AGUACATE VERDE                         price=50.0
2026-07-27 12:32:18  INFO        ✏️  [000017]  PATICA DE VACA                         price=130.0
2026-07-27 12:32:19  INFO        ✏️  [001016]  JAMON DE PAVO CASERIO INDUVECA         price=360.0
2026-07-27 12:32:20  INFO        ✏️  [001037]  AJO AMERICANO                          price=130.0
2026-07-27 12:32:21  INFO        ✏️  [001038]  PAPAS                                  price=50.0
2026-07-27 12:32:22  INFO        ✏️  [001041]  ARENQUE ENTERO CHOICE BLOATERS         price=240.0
2026-07-27 12:32:24  INFO        ✏️  [001053]  CHULETA SIN HUESO INDUVECA             price=220.0
2026-07-27 12:32:25  INFO        ✏️  [001092]  JAMON PICNIC RIVERA INDUVECA           price=200.0
2026-07-27 12:32:26  INFO        ✏️  [002730]  PIMIENTA ENTERA                        price=295.0
2026-07-27 12:32:27  INFO        ✏️  [005029]  QUESO CHEDDAR SAN JUAN                 price=280.0
2026-07-27 12:32:28  INFO        ✏️  [028661245233]  ACEITE FIGARO EXTRA VIRGEN 100ml       price=145.0
2026-07-27 12:32:29  INFO        ✏️  [028661704204]  ACEITE DE OLIVA E.VIRGEN FIGARO 500    price=575.0
2026-07-27 12:32:30  INFO        ✏️  [034000940165]  KISSES MILK CHOCOLATE 70g              price=165.0
2026-07-27 12:32:31  INFO        ✏️  [11421]  KISSES COOKIES N CREME 62g             price=155.0
2026-07-27 12:32:32  INFO        ✏️  [035406029720]  SALSA BARBECUE COUNTRY BARN HONEY 1    price=175.0
2026-07-27 12:32:33  INFO        ✏️  [035406029812]  MANI COUNBARN CREM CREMOSA 16z         price=250.0
2026-07-27 12:32:34  INFO        ✏️  [035406029836]  MANI COUNBARN CREM 16z                 price=220.0
2026-07-27 12:32:35  INFO        ✏️  [035406036063]  CREMA PARA CAFE COUNTRY BARN 6z        price=130.0
2026-07-27 12:32:36  INFO        ✏️  [035406036117]  CREMA PARA CAFE ORIG. COUNTRY BARN     price=185.0
2026-07-27 12:32:37  INFO        ✏️  [041331037686]  SAZON CON AZAFRAN GOYA 25g             price=45.0
2026-07-27 12:32:38  INFO        ✏️  [041331039314]  VINAGRE MANZANA GOYA 16z               price=100.0
2026-07-27 12:32:39  INFO        ✏️  [041331051019]  HARINA DE MAIZ FINA GOYA 341g          price=28.0
2026-07-27 12:32:40  INFO        ✏️  [7501059295872]  CREMA PARA CAFE NESTLE 170g            price=165.0
2026-07-27 12:32:41  INFO        ✏️  [051228637950]  HARINA BLANQUITA 2 LBS                 price=85.0
2026-07-27 12:32:42  INFO        ✏️  [070330909229]  ENCENDEDORA BIC GRANDE                 price=55.0
2026-07-27 12:32:43  INFO        ✏️  [070662010037]  SOPA TOP RAMEN POLLO NISSIN 85g        price=30.0
2026-07-27 12:32:44  INFO        ✏️  [0737186400750]  CASABE AL AJILLO HORNEADO PEREZ        price=120.0
2026-07-27 12:32:45  INFO        ✏️  [099176232599]  SUAVITEL BABY 850ml                    price=180.0
2026-07-27 12:32:46  INFO        ✏️  [099176263913]  AXION CREMA LIMON 15z                  price=150.0
2026-07-27 12:32:47  INFO        ✏️  [099176263951]  LAVAPLATOS CREMA AXION LIMON 235g      price=75.0
2026-07-27 12:32:48  INFO        ✏️  [099176316824]  CEPILLO COLGATE PREMIER CLEAN          price=35.0
2026-07-27 12:32:49  INFO        ✏️  [099176918073]  JABON LAVADOR MIEL 75g                 price=30.0
2026-07-27 12:32:50  INFO        ✏️  [5711953016189]  ARLA M1 FORM. INFANTIL 900G            price=975.0
2026-07-27 12:32:51  INFO        ✏️  [5711953016202]  ARLA M2 FORM. SEG. 900g                price=1035.0
2026-07-27 12:32:52  INFO        ✏️  [5711953016370]  MINI MILEX ECONOMICA 360 Grs.          price=200.0
2026-07-27 12:32:53  INFO        ✏️  [5711953016387]  MINI MILEX ECONOMICA 2,200 Grs.        price=1100.0
2026-07-27 12:32:54  INFO        ✏️  [5711953016172]  ARLA M1 FORM. INFANTIL 400G            price=455.0
2026-07-27 12:32:55  INFO        ✏️  [5711953016196]  ARLA M2 FORM. SEG. 400G                price=500.0
2026-07-27 12:32:56  INFO        ✏️  [5711953187568]  LECHE MILEX CLASICA 2000g              price=1800.0
2026-07-27 12:32:58  INFO        ✏️  [5760466790901]  MILEX KINDER GOLD LATA 1500g           price=2125.0
2026-07-27 12:32:59  INFO        ✏️  [5760466992848]  MINI MILEX ECONOMICA 800 Grs.          price=370.0
2026-07-27 12:32:59  INFO        ✏️  [58485637]  ARROZ SELECTO RODRIGUEZ 10 LBS         price=420.0
2026-07-27 12:33:00  INFO        ✏️  [72912249]  AZUCAR CREMA 2 LBS.                    price=70.0
2026-07-27 12:33:01  INFO        ✏️  [72912348]  AZUCAR REFINO 2 LBS.                   price=75.0
2026-07-27 12:33:03  INFO        ✏️  [72912362]  AZUCAR REFINO 5lbs.                    price=185.0
2026-07-27 12:33:04  INFO        ✏️  [72912522]  AZUCAR CREMA 5LIBS                     price=175.0
2026-07-27 12:33:05  INFO        ✏️  [72912546]  MAIZ POPCORN 16z                       price=25.0
2026-07-27 12:33:06  INFO        ✏️  [737186401030]  CASABE NATURAL PEREZ 325g              price=120.0
2026-07-27 12:33:06  INFO        ✏️  [7391282528713]  ARROZ SELECTO BRIQUETAS 2 LBS*         price=80.0
2026-07-27 12:33:07  INFO        ✏️  [73912828]  ARROZ SELECTO BRIQUETAS 5 LBS*         price=190.0
2026-07-27 12:33:08  INFO        ✏️  [7406171021234]  DETERGENTE F. VITAL ULTRA KLIN 1100    price=155.0
2026-07-27 12:33:10  INFO        ✏️  [7406189003512]  NECTAR DE MANZANA DEL MONTE 1L         price=85.0
2026-07-27 12:33:11  INFO        ✏️  [7406189003529]  NECTAR MELOCOTON DEL MONTE 1000ml      price=85.0
2026-07-27 12:33:11  INFO        ✏️  [7406425000237]  DETERGENT 123 MULTIUSOS LIMON 250g     price=40.0
2026-07-27 12:33:12  INFO        ✏️  [7411000355985]  OMO SUAVIZANTE PETALOS DE VIOLETA 9    price=205.0
2026-07-27 12:33:13  INFO        ✏️  [7441008100096]  PAÑALES KIMBIES P2 38/1                price=375.0
2026-07-27 12:33:14  INFO        ✏️  [7441008100102]  PAÑALES KIMBIES P4/XG 38/1             price=375.0
2026-07-27 12:33:15  INFO        ✏️  [7441008101581]  DETERGENTE 3 PACK 123 MULTIUSOS LIM    price=145.0
2026-07-27 12:33:16  INFO        ✏️  [7441008155508]  KOTEX ESENCIAL ALAS MANZANILLA 10/1    price=60.0
2026-07-27 12:33:17  INFO        ✏️  [7441008164357]  PAPEL TOALLA SCOTT CALORIE ABSORB 9    price=160.0
2026-07-27 12:33:18  INFO        ✏️  [7441008174080]  PAÑALES KIMBIES P2 22/1                price=180.0
2026-07-27 12:33:19  INFO        ✏️  [7441008174097]  PAÑALES KIMBIES P3/G 18/1              price=180.0
2026-07-27 12:33:20  INFO        ✏️  [7441008174110]  PAÑALES KIMBIES P5 14/1                price=180.0
2026-07-27 12:33:21  INFO        ✏️  [7441008174134]  PAÑALES KIMBIES! P3/G 38/1             price=375.0
2026-07-27 12:33:22  INFO        ✏️  [7441008174158]  PAÑALES KIMBIES P5 28/1                price=375.0
2026-07-27 12:33:23  INFO        ✏️  [7453049026969]  BOMBILLO RECARGABLE LED 12W            price=170.0
2026-07-27 12:33:25  INFO        ✏️  [74586363]  FOSFOROS RAFAGA 10/1                   price=40.0
2026-07-27 12:33:27  INFO        ✏️  [7460014753164]  COMPOTA CHUPETIN FLEX PERA 113g        price=45.0
2026-07-27 12:33:28  INFO        ✏️  [7460014753515]  COMPOTA CHUPETIN MELOCOTON 113g        price=45.0
2026-07-27 12:33:29  INFO        ✏️  [7460104529259]  BOMBILLOS CORAL 100 VATIOS             price=45.0
2026-07-27 12:33:30  INFO        ✏️  [7460123434602]  SAZON COMPLETO MAGGI 180g              price=60.0
2026-07-27 12:33:32  INFO        ✏️  [7460123445301]  LECHE CONDENSADA AZUCARADA 180g.       price=70.0
2026-07-27 12:33:33  INFO        ✏️  [7460123473113]  CARNATION COCO 290ml                   price=110.0
2026-07-27 12:33:35  INFO        ✏️  [7460193700096]  ACEITE DE SOYA CRISOL 16z              price=85.0
2026-07-27 12:33:36  INFO        ✏️  [7460193700218]  MARGARINA DORINA LIGHT 425g            price=165.0
2026-07-27 12:33:37  INFO        ✏️  [7460193700270]  MARGARINA MANICERA 16z                 price=105.0
2026-07-27 12:33:39  INFO        ✏️  [7460193700324]  MARGARINA DORINA ORIGINAL 425g         price=140.0
2026-07-27 12:33:41  INFO        ✏️  [7460193700386]  MARGARINA DE MAIZ MAZORCA 15z          price=100.0
2026-07-27 12:33:42  INFO        ✏️  [7460193700409]  MARGARINA MANICERA 5 LBS.              price=465.0
2026-07-27 12:33:43  INFO        ✏️  [7460193700539]  MAYONESA MANICERA 25z                  price=215.0
2026-07-27 12:33:43  INFO        ✏️  [7460193700546]  LECHE NUTRA JUNIOR 400g                price=385.0
2026-07-27 12:33:45  INFO        ✏️  [7460193700874]  MARGARINA FLORA 425g                   price=180.0
2026-07-27 12:33:46  INFO        ✏️  [7460193704063]  ACEITE DE SOYA CRISOL 250z             price=1150.0
2026-07-27 12:33:46  INFO        ✏️  [7460193705077]  LECHE DE SOYA NUTRA JUNIOR 1800g       price=1410.0
2026-07-27 12:33:48  INFO        ✏️  [7460193705626]  JABON LAVALOZA BOLA AZUL CIELO ULTR    price=130.0
2026-07-27 12:33:49  INFO        ✏️  [7460193705718]  ACEITE DE SOYA CRISOL 34z              price=185.0
2026-07-27 12:33:50  INFO        ✏️  [7460193740764]  LECHE SIN LACTOSA NUTRA 1,800g         price=1525.0
2026-07-27 12:33:52  INFO        ✏️  [7460193740993]  CLORO CIELO AZUL 60z                   price=95.0
2026-07-27 12:33:52  INFO        ✏️  [7460193741358]  LECHE NUTRA JUNIOR DHA 400g            price=465.0
2026-07-27 12:33:54  INFO        ✏️  [7460199502038]  SALCHICHAS GIGANTE INDUVECA 8/1        price=140.0
2026-07-27 12:33:54  INFO        ✏️  [7460199560045]  SAZON LIQUIDO EL COCINERO 28z          price=125.0
2026-07-27 12:33:55  INFO        ✏️  [7460234550024]  VASOS PLASTICOS DESECHABLES 7z         price=50.0
2026-07-27 12:33:56  INFO        ✏️  [7460234560030]  ENVASES PLASTICOS DESECHABLES 5z       price=180.0
2026-07-27 12:33:58  INFO        ✏️  [7460383812172]  HISOPO BAMBINO 100UDS                  price=110.0
2026-07-27 12:33:59  INFO        ✏️  [7460548002172]  GATORLIT RECOVER NARANJA 591ml         price=65.0
2026-07-27 12:34:00  INFO        ✏️  [7460731600314]  LAVAPLATOS LIQUIDO LIMON BUBBA 123z    price=235.0
2026-07-27 12:34:01  INFO        ✏️  [7460731600420]  SUAVIZANTE BUBBA PRIMAVERAL 900ml      price=105.0
2026-07-27 12:34:01  INFO        ✏️  [7461087101029]  CEREAL FANTASTICO CORN FLAKES 454g     price=125.0
2026-07-27 12:34:02  INFO        ✏️  [7461136665007]  REFRESCO TOP FRAMBUESA 450ml           price=25.0
2026-07-27 12:34:03  INFO        ✏️  [7461136665014]  REFRESCO TOP MANZANA VERDE 450ml       price=25.0
2026-07-27 12:34:04  INFO        ✏️  [7461136665021]  REFRESCO TOP UVA 450ml                 price=25.0
2026-07-27 12:34:05  INFO        ✏️  [7461136665038]  REFRESCO TOP PIÑA 450ml                price=25.0
2026-07-27 12:34:06  INFO        ✏️  [7461136665045]  REFRESCO TOP NARANJA 450ml             price=25.0
2026-07-27 12:34:07  INFO        ✏️  [7461136665052]  REFRESCO TOP COLA 450ml                price=25.0
2026-07-27 12:34:08  INFO        ✏️  [7461136665076]  REFRESCO TOP LYCHI 450ml               price=25.0
2026-07-27 12:34:08  INFO        ✏️  [7461323129329]  RON BARCELO GRAN ANEJO 1000ml          price=850.0
2026-07-27 12:34:09  INFO        ✏️  [7462275402751]  AVENA QUAKER NUTREMAS FAMILIAR 1140    price=180.0
2026-07-27 12:34:10  INFO        ✏️  [7462275403222]  AVENA QUAKER INTEGRAL 570g             price=120.0
2026-07-27 12:34:11  INFO        ✏️  [7462312389182]  ARROZ STO. DOS PINOS 50 LBS.           price=2150.0
2026-07-27 12:34:12  INFO        ✏️  [7462312389199]  ARROZ STO. DOS PINOS 25 LBS.           price=1075.0
2026-07-27 12:34:13  INFO        ✏️  [7462312389113]  ARROZ STO. DOS PINOS 10 LBS.           price=435.0
2026-07-27 12:34:14  INFO        ✏️  [7462381332201]  PAPEL HIGIENICO DOMINO EXTRA GRANDE    price=30.0
2026-07-27 12:34:15  INFO        ✏️  [7462381389717]  DETERGENTE BRILLANTE 100g              price=20.0
2026-07-27 12:34:16  INFO        ✏️  [7462381390874]  ACEITE EL GALLO 15lbs                  price=1140.0
2026-07-27 12:34:17  INFO        ✏️  [7462381391482]  PAPEL HIGIENICO DOMINO SUPER ROLLO     price=35.0
2026-07-27 12:34:18  INFO        ✏️  [7463516172518]  SEMILLA CHIA 12z                       price=310.0
2026-07-27 12:34:19  INFO        ✏️  [7464111030012]  SAL REFINADA REFISAL 5 LBS.            price=175.0
2026-07-27 12:34:20  INFO        ✏️  [7464450959319]  CHIA ORGANICA PRODESA 100g             price=85.0
2026-07-27 12:34:21  INFO        ✏️  [7464886014156]  ARROZ SELECTO BRIQUETAS 50 LBS.        price=2100.0
2026-07-27 12:34:23  INFO        ✏️  [7464886014323]  ARROZ SELECTO BRIQUETAS 25 LBS.        price=1050.0
2026-07-27 12:34:24  INFO        ✏️  [74653034]  MARGARINA MANICERA 8z                  price=70.0
2026-07-27 12:34:25  INFO        ✏️  [7465464556266]  GELATINA DADY 8z                       price=100.0
2026-07-27 12:34:26  INFO        ✏️  [7465464557911]  SUAVIZANTE TEN SOFT 900ml              price=115.0
2026-07-27 12:34:27  INFO        ✏️  [7465464558116]  SUAVIZANTE TEN SOFT 1.5L               price=180.0
2026-07-27 12:34:28  INFO        ✏️  [7465464559205]  SHAMPOO NATURAL HAIR SOFT 128z         price=145.0
2026-07-27 12:34:29  INFO        ✏️  [7465464559229]  SHAMPOO HAIR SOFT MISS KEY 128z        price=145.0
2026-07-27 12:34:29  INFO        ✏️  [7466555001139]  ARROZ CAMPOS 20 LBS                    price=1050.0
2026-07-27 12:34:30  INFO        ✏️  [7466555500137]  ARROZ CAMPOS 10 LBS                    price=510.0
2026-07-27 12:34:31  INFO        ✏️  [7466555500151]  ARROZ CAMPOS 5 LBS                     price=255.0
2026-07-27 12:34:32  INFO        ✏️  [7466555500168]  ARROZ CAMPOS 3 LBS                     price=160.0
2026-07-27 12:34:33  INFO        ✏️  [7466555500175]  ARROZ CAMPOS 2 LBS                     price=105.0
2026-07-27 12:34:34  INFO        ✏️  [7467138330080]  ALCOHOL SPRAY MENTOLADO VERDE 16z      price=150.0
2026-07-27 12:34:35  INFO        ✏️  [7467581603670]  GALLETAS DINO CHOCO-VAINILLA 576g      price=160.0
2026-07-27 12:34:36  INFO        ✏️  [7467581604158]  SALSA ALFREDO MILANO 190g              price=100.0
2026-07-27 12:34:37  INFO        ✏️  [7467581604622]  GUARINA WAFER COCO 230g                price=95.0
2026-07-27 12:34:38  INFO        ✏️  [7467638900011]  PAN VIGA INTEGRAL GRANIX 794g          price=210.0
2026-07-27 12:34:39  INFO        ✏️  [7467638900240]  PAN VIGA BCO. FIBRA GRANIX 794g        price=210.0
2026-07-27 12:34:40  INFO        ✏️  [7467849560028]  ACEITE EXTRA VIRGEN DE COCO EVA 222    price=190.0
2026-07-27 12:34:41  INFO        ✏️  [7467849560042]  ACEITE DE COCO EXTRA VIRGEN EVA 33.    price=715.0
2026-07-27 12:34:42  INFO        ✏️  [7467849561193]  ACEITE DE COCO EXTRA VIRGEN EVA 128    price=2100.0
2026-07-27 12:34:43  INFO        ✏️  [7467863040032]  VELON ALTAGRACIANO                     price=185.0
2026-07-27 12:34:44  INFO        ✏️  [7468612643030]  LECHE KANNY SEMIDESCREMADA 1L          price=85.0
2026-07-27 12:34:45  INFO        ✏️  [7468685280316]  MANZANILLA NATIVO SOBRE                price=150.0
2026-07-27 12:34:46  INFO        ✏️  [7468740000873]  CONCENTRADO BARCELO FRUIT PUNCH 30z    price=220.0
2026-07-27 12:34:47  INFO        ✏️  [7500459001120]  FAB QUITAMANCHAS 1.7Kg                 price=360.0
2026-07-27 12:34:48  INFO        ✏️  [7501059237377]  NESTOGENO NO.1 400g                    price=460.0
2026-07-27 12:34:49  INFO        ✏️  [7501059275904]  LECHE NIDO CRECIMIENTO 1600g           price=1560.0
2026-07-27 12:34:50  INFO        ✏️  [77912329]  CARTON HUEVOS BLANCOS 30UDS.           price=200.0
2026-07-27 12:34:51  INFO        ✏️  [7506205813238]  ALACTA PLUS LATA 1650g                 price=2175.0
2026-07-27 12:34:52  INFO        ✏️  [7506205816109]  ENFAMIL PREMIUM 375g                   price=950.0
2026-07-27 12:34:53  INFO        ✏️  [7506306230507]  JABON DOVE KARITE Y VAINILLA 135g      price=110.0
2026-07-27 12:34:54  INFO        ✏️  [7506475105460]  CEREAL NESQUIK NESTLE 340 Grs.         price=225.0
2026-07-27 12:34:55  INFO        ✏️  [7506475117302]  NIDO CRECIMIENTO PREBIO1 2000g         price=1625.0
2026-07-27 12:34:56  INFO        ✏️  [7506475120579]  TRIX CEREAL 180g                       price=170.0
2026-07-27 12:34:57  INFO        ✏️  [75076221]  DESODORANTE EPIC FRESH 45g             price=240.0
2026-07-27 12:34:58  INFO        ✏️  [75076276]  DESODORANTE AXE FUSION 45g             price=240.0
2026-07-27 12:34:59  INFO        ✏️  [7509546000350]  COLGATE TRIPLE ACCION 150ml            price=285.0
2026-07-27 12:35:00  INFO        ✏️  [7509546020501]  SPEED STICK GLAZIER POWER 50ml         price=70.0
2026-07-27 12:35:01  INFO        ✏️  [7509546048321]  COLGATE TRIPLE ACCION 125ml            price=170.0
2026-07-27 12:35:02  INFO        ✏️  [7509546060477]  LADY SPEED STICK FRESH 50ml            price=70.0
2026-07-27 12:35:03  INFO        ✏️  [7509546071428]  SUAVITEL VAINILLA 850ml                price=180.0
2026-07-27 12:35:04  INFO        ✏️  [7509546073651]  LAVAPLATOS LIQUIDO AXION LIMON 1.4     price=340.0
2026-07-27 12:35:05  INFO        ✏️  [751685003021]  CATCHUP LINDA 13z                      price=75.0
2026-07-27 12:35:06  INFO        ✏️  [753079000463]  GALLETAS DINO FRESA 576g               price=160.0
2026-07-27 12:35:06  INFO        ✏️  [755111881078]  GALLETAS CLUB MAX QUESO 12/1           price=175.0
2026-07-27 12:35:07  INFO        ✏️  [760593023359]  MAIZ DULCE LA FAMOSA 1K                price=170.0
2026-07-27 12:35:08  INFO        ✏️  [7622201390211]  GALLETAS RITZ ORIGINAL 240g            price=150.0
2026-07-27 12:35:09  INFO        ✏️  [7622210854209]  CLUB SOCIAL INTEGRAL MULTICEREAL 21    price=100.0
2026-07-27 12:35:10  INFO        ✏️  [764009013118]  SMIRNOFF ICE GREEN APPLE 350ml         price=140.0
2026-07-27 12:35:11  INFO        ✏️  [764009800312]  SMIRNOFF ICE ORIGINAL 350ml            price=140.0
2026-07-27 12:35:12  INFO        ✏️  [7702213040875]  ESPONJA SALVA UNAS BON BRIL            price=70.0
2026-07-27 12:35:12  INFO        ✏️  [787545003252]  VINAGRE AMBAR BALDOM 110z              price=170.0
2026-07-27 12:35:13  INFO        ✏️  [787545004433]  MAYONESA BALDOM LIGHT 8z               price=90.0
2026-07-27 12:35:14  INFO        ✏️  [787545005065]  ADEREZO BALDOM 8z                      price=85.0
2026-07-27 12:35:15  INFO        ✏️  [787545005072]  ADEREZO BALDOM 16z                     price=140.0
2026-07-27 12:35:16  INFO        ✏️  [787545005232]  SAZON LIQUIDO RANCHERO 15.5z           price=75.0
2026-07-27 12:35:17  INFO        ✏️  [7898330150372]  CEREAL CHUPETIN ARROZ 200 Grs          price=99.0
2026-07-27 12:35:18  INFO        ✏️  [7898330151430]  CHUPETIN 5 CEREALES 200 Grs            price=99.0
2026-07-27 12:35:19  INFO        ✏️  [7898330151454]  CHUPETIN 8 CEREALES 200 Grs            price=99.0
2026-07-27 12:35:19  INFO        ✏️  [7898330151461]  CHUPETIN TRIGO CON MIEL 200 Grs        price=99.0
2026-07-27 12:35:20  INFO        ✏️  [790330032146]  LECHE EVAPORADA RICA 410g              price=80.0
2026-07-27 12:35:21  INFO        ✏️  [827854009597]  SUAVITEL FRESCA PRIMAVERA 325ml        price=75.0
2026-07-27 12:35:22  INFO        ✏️  [8430094309123]  NUTRIBEN CEREAL SIN GLUTEN 300g        price=280.0
2026-07-27 12:35:23  INFO        ✏️  [8503]  ARROZ SELECTO BRIQUETAS 10 LBS*        price=380.0
2026-07-27 12:35:24  INFO        ✏️  [8852671000610]  SARDINAS KING BELL SALSA DE TOMATE     price=22.0
2026-07-27 12:35:25  INFO        ✏️  [8852671000658]  SARDINAS KING BELL SALSA DE TOMATE     price=22.0
2026-07-27 12:35:26  INFO        ✏️  [8906078267135]  GALLETAS CREMITA KOKO 12UNDS.          price=60.0
2026-07-27 12:35:26  INFO        ✏️  [89784211]  ARROZ SELECTO RODRIGUEZ 25 LBS         price=1025.0
2026-07-27 12:35:27  INFO        ✏️  [98741151]  PLATANOS VERDES                        price=10.0
2026-07-27 12:35:27  INFO      ═══════════════════════════════════════════════════════
2026-07-27 12:35:27  INFO      📊 RESUMEN FINAL
2026-07-27 12:35:27  INFO         ✏️  Actualizados   : 189
2026-07-27 12:35:27  INFO         ✅ Sin cambios     : 1,408
2026-07-27 12:35:27  INFO         🔍 No encontrados  : 12,205  (barcode no existe en Supabase)
2026-07-27 12:35:27  INFO         ❌ Errores         : 0
2026-07-27 12:35:27  INFO         ⏱️  Duración        : 195.5 segundos
2026-07-27 12:35:27  INFO      ═══════════════════════════════════════════════════════
2026-07-27 12:35:27  SUCCESS   🎉 Sincronización completada sin errores
2026-07-29 08:01:14  INFO      ═══════════════════════════════════════════════════════
2026-07-29 08:01:14  INFO      🚀 Iniciando sincronización — 2026-07-29 08:01:14
2026-07-29 08:01:14  INFO         Campos a sincronizar: price
2026-07-29 08:01:14  INFO      ═══════════════════════════════════════════════════════
2026-07-29 08:01:14  INFO      🔌 Conectando a SQL Server…
2026-07-29 08:01:15  INFO      📦 Productos leídos de SQL Server: 13,803
2026-07-29 08:01:15  INFO      ☁️  Leyendo productos de Supabase…
2026-07-29 08:01:17  INFO      🗄️  Productos en Supabase (con barcode): 1,868
2026-07-29 08:01:17  INFO      ───────────────────────────────────────────────────────
2026-07-29 08:01:18  INFO        ✏️  [00001458]  BANDEJA 2D UNIDAD 500/1                price=5.0
2026-07-29 08:01:19  INFO        ✏️  [074471000500]  CAFE MOLIDO BUSTELO 10z                price=875.0
2026-07-29 08:01:20  INFO        ✏️  [7462955101172]  PAPEL HIG. NIVEO                       price=25.0
2026-07-29 08:01:21  INFO        ✏️  [7468685280316]  MANZANILLA NATIVO SOBRE                price=10.0
2026-07-29 08:01:21  INFO        ✏️  [787545004600]  SALSA CHINA RANCHERO 5z                price=50.0
2026-07-29 08:01:22  INFO        ✏️  [98741151]  PLATANOS VERDES                        price=20.0
2026-07-29 08:01:22  INFO      ═══════════════════════════════════════════════════════
2026-07-29 08:01:22  INFO      📊 RESUMEN FINAL
2026-07-29 08:01:22  INFO         ✏️  Actualizados   : 6
2026-07-29 08:01:22  INFO         ✅ Sin cambios     : 1,602
2026-07-29 08:01:22  INFO         🔍 No encontrados  : 12,195  (barcode no existe en Supabase)
2026-07-29 08:01:22  INFO         ❌ Errores         : 0
2026-07-29 08:01:22  INFO         ⏱️  Duración        : 8.8 segundos
2026-07-29 08:01:22  INFO      ═══════════════════════════════════════════════════════
2026-07-29 08:01:22  SUCCESS   🎉 Sincronización completada sin errores
2026-07-29 08:02:14  INFO      ═══════════════════════════════════════════════════════
2026-07-29 08:02:14  INFO      🚀 Iniciando sincronización — 2026-07-29 08:02:14
2026-07-29 08:02:14  INFO         Campos a sincronizar: price
2026-07-29 08:02:14  INFO      ═══════════════════════════════════════════════════════
2026-07-29 08:02:14  INFO      🔌 Conectando a SQL Server…
2026-07-29 08:02:15  INFO      📦 Productos leídos de SQL Server: 13,803
2026-07-29 08:02:15  INFO      ☁️  Leyendo productos de Supabase…
2026-07-29 08:02:17  INFO      🗄️  Productos en Supabase (con barcode): 1,868
2026-07-29 08:02:17  INFO      ───────────────────────────────────────────────────────
2026-07-29 08:02:17  INFO      ═══════════════════════════════════════════════════════
2026-07-29 08:02:17  INFO      📊 RESUMEN FINAL
2026-07-29 08:02:17  INFO         ✏️  Actualizados   : 0
2026-07-29 08:02:17  INFO         ✅ Sin cambios     : 1,608
2026-07-29 08:02:17  INFO         🔍 No encontrados  : 12,195  (barcode no existe en Supabase)
2026-07-29 08:02:17  INFO         ❌ Errores         : 0
2026-07-29 08:02:17  INFO         ⏱️  Duración        : 3.3 segundos
2026-07-29 08:02:17  INFO      ═══════════════════════════════════════════════════════
2026-07-29 08:02:17  SUCCESS   🎉 Sincronización completada sin errores
2026-07-29 08:52:09  INFO      ═══════════════════════════════════════════════════════
2026-07-29 08:52:09  INFO      🚀 Iniciando sincronización — 2026-07-29 08:52:09
2026-07-29 08:52:09  INFO         Campos a sincronizar: price
2026-07-29 08:52:09  INFO      ═══════════════════════════════════════════════════════
2026-07-29 08:52:09  INFO      🔌 Conectando a SQL Server…
2026-07-29 08:52:10  INFO      📦 Productos leídos de SQL Server: 13,803
2026-07-29 08:52:10  INFO      ☁️  Leyendo productos de Supabase…
2026-07-29 08:52:12  INFO      🗄️  Productos en Supabase (con barcode): 1,868
2026-07-29 08:52:12  INFO      ───────────────────────────────────────────────────────
2026-07-29 08:52:13  INFO        ✏️  [074471000500]  CAFE MOLIDO BUSTELO 10z                price=875.0
2026-07-29 08:52:13  INFO      ═══════════════════════════════════════════════════════
2026-07-29 08:52:13  INFO      📊 RESUMEN FINAL
2026-07-29 08:52:13  INFO         ✏️  Actualizados   : 1
2026-07-29 08:52:13  INFO         ✅ Sin cambios     : 1,607
2026-07-29 08:52:13  INFO         🔍 No encontrados  : 12,195  (barcode no existe en Supabase)
2026-07-29 08:52:13  INFO         ❌ Errores         : 0
2026-07-29 08:52:13  INFO         ⏱️  Duración        : 4.2 segundos
2026-07-29 08:52:13  INFO      ═══════════════════════════════════════════════════════
2026-07-29 08:52:13  SUCCESS   🎉 Sincronización completada sin errores
2026-07-29 08:53:10  INFO      ═══════════════════════════════════════════════════════
2026-07-29 08:53:10  INFO      🚀 Iniciando sincronización — 2026-07-29 08:53:10
2026-07-29 08:53:10  INFO         Campos a sincronizar: price
2026-07-29 08:53:10  INFO      ═══════════════════════════════════════════════════════
2026-07-29 08:53:10  INFO      🔌 Conectando a SQL Server…
2026-07-29 08:53:11  INFO      📦 Productos leídos de SQL Server: 13,803
2026-07-29 08:53:11  INFO      ☁️  Leyendo productos de Supabase…
2026-07-29 08:53:13  INFO      🗄️  Productos en Supabase (con barcode): 1,868
2026-07-29 08:53:13  INFO      ───────────────────────────────────────────────────────
2026-07-29 08:53:13  INFO      ═══════════════════════════════════════════════════════
2026-07-29 08:53:13  INFO      📊 RESUMEN FINAL
2026-07-29 08:53:13  INFO         ✏️  Actualizados   : 0
2026-07-29 08:53:13  INFO         ✅ Sin cambios     : 1,608
2026-07-29 08:53:13  INFO         🔍 No encontrados  : 12,195  (barcode no existe en Supabase)
2026-07-29 08:53:13  INFO         ❌ Errores         : 0
2026-07-29 08:53:13  INFO         ⏱️  Duración        : 3.3 segundos
2026-07-29 08:53:13  INFO      ═══════════════════════════════════════════════════════
2026-07-29 08:53:13  SUCCESS   🎉 Sincronización completada sin errores
2026-07-29 08:53:26  INFO      ═══════════════════════════════════════════════════════
2026-07-29 08:53:26  INFO      🚀 Iniciando sincronización — 2026-07-29 08:53:26
2026-07-29 08:53:26  INFO         Campos a sincronizar: price
2026-07-29 08:53:26  INFO      ═══════════════════════════════════════════════════════
2026-07-29 08:53:26  INFO      🔌 Conectando a SQL Server…
2026-07-29 08:53:27  INFO      📦 Productos leídos de SQL Server: 13,803
2026-07-29 08:53:27  INFO      ☁️  Leyendo productos de Supabase…
2026-07-29 08:53:30  INFO      🗄️  Productos en Supabase (con barcode): 1,868
2026-07-29 08:53:30  INFO      ───────────────────────────────────────────────────────
2026-07-29 08:53:30  INFO      ═══════════════════════════════════════════════════════
2026-07-29 08:53:30  INFO      📊 RESUMEN FINAL
2026-07-29 08:53:30  INFO         ✏️  Actualizados   : 0
2026-07-29 08:53:30  INFO         ✅ Sin cambios     : 1,608
2026-07-29 08:53:30  INFO         🔍 No encontrados  : 12,195  (barcode no existe en Supabase)
2026-07-29 08:53:30  INFO         ❌ Errores         : 0
2026-07-29 08:53:30  INFO         ⏱️  Duración        : 3.2 segundos
2026-07-29 08:53:30  INFO      ═══════════════════════════════════════════════════════
2026-07-29 08:53:30  SUCCESS   🎉 Sincronización completada sin errores
2026-07-29 08:54:04  INFO      ═══════════════════════════════════════════════════════
2026-07-29 08:54:04  INFO      🚀 Iniciando sincronización — 2026-07-29 08:54:04
2026-07-29 08:54:04  INFO         Campos a sincronizar: price
2026-07-29 08:54:04  INFO      ═══════════════════════════════════════════════════════
2026-07-29 08:54:04  INFO      🔌 Conectando a SQL Server…
2026-07-29 08:54:04  INFO      📦 Productos leídos de SQL Server: 13,803
2026-07-29 08:54:04  INFO      ☁️  Leyendo productos de Supabase…
2026-07-29 08:54:06  INFO      🗄️  Productos en Supabase (con barcode): 1,868
2026-07-29 08:54:06  INFO      ───────────────────────────────────────────────────────
2026-07-29 08:54:06  INFO      ═══════════════════════════════════════════════════════
2026-07-29 08:54:06  INFO      📊 RESUMEN FINAL
2026-07-29 08:54:06  INFO         ✏️  Actualizados   : 0
2026-07-29 08:54:06  INFO         ✅ Sin cambios     : 1,608
2026-07-29 08:54:06  INFO         🔍 No encontrados  : 12,195  (barcode no existe en Supabase)
2026-07-29 08:54:06  INFO         ❌ Errores         : 0
2026-07-29 08:54:06  INFO         ⏱️  Duración        : 2.6 segundos
2026-07-29 08:54:06  INFO      ═══════════════════════════════════════════════════════
2026-07-29 08:54:06  SUCCESS   🎉 Sincronización completada sin errores
2026-07-29 08:54:34  INFO      ⏹️ Auto-sync programado desactivado.
2026-07-29 08:54:53  INFO      ═══════════════════════════════════════════════════════
2026-07-29 08:54:53  INFO      🚀 Iniciando sincronización — 2026-07-29 08:54:53
2026-07-29 08:54:53  INFO         Campos a sincronizar: price
2026-07-29 08:54:53  INFO      ═══════════════════════════════════════════════════════
2026-07-29 08:54:53  INFO      🔌 Conectando a SQL Server…
2026-07-29 08:54:54  INFO      📦 Productos leídos de SQL Server: 13,803
2026-07-29 08:54:54  INFO      ☁️  Leyendo productos de Supabase…
2026-07-29 08:54:56  INFO      🗄️  Productos en Supabase (con barcode): 1,868
2026-07-29 08:54:56  INFO      ───────────────────────────────────────────────────────
2026-07-29 08:54:56  INFO      ═══════════════════════════════════════════════════════
2026-07-29 08:54:56  INFO      📊 RESUMEN FINAL
2026-07-29 08:54:56  INFO         ✏️  Actualizados   : 0
2026-07-29 08:54:56  INFO         ✅ Sin cambios     : 1,608
2026-07-29 08:54:56  INFO         🔍 No encontrados  : 12,195  (barcode no existe en Supabase)
2026-07-29 08:54:56  INFO         ❌ Errores         : 0
2026-07-29 08:54:56  INFO         ⏱️  Duración        : 3.2 segundos
2026-07-29 08:54:56  INFO      ═══════════════════════════════════════════════════════
2026-07-29 08:54:56  SUCCESS   🎉 Sincronización completada sin errores
2026-07-30 17:29:35  INFO      ═══════════════════════════════════════════════════════
2026-07-30 17:29:35  INFO      🚀 Iniciando sincronización — 2026-07-30 17:29:35
2026-07-30 17:29:35  INFO         Campos a sincronizar: price
2026-07-30 17:29:35  INFO      ═══════════════════════════════════════════════════════
2026-07-30 17:29:35  INFO      🔌 Conectando a SQL Server…
2026-07-30 17:29:36  INFO      📦 Productos leídos de SQL Server: 13,805
2026-07-30 17:29:36  INFO      ☁️  Leyendo productos de Supabase…
2026-07-30 17:29:38  INFO      🗄️  Productos en Supabase (con barcode): 1,902
2026-07-30 17:29:38  INFO      ───────────────────────────────────────────────────────
2026-07-30 17:29:39  INFO        ✏️  [7401001622452]  DETERGENTE ESPUMIL EXP CITRICA 500g    price=100.0
2026-07-30 17:29:40  INFO        ✏️  [7401001622889]  DETERGENTE  EN POLVO FLORES ESPUMIL    price=100.0
2026-07-30 17:29:41  INFO        ✏️  [7401006107404]  DETERGENTE ESPUMIL EXP DE FRESCURA     price=100.0
2026-07-30 17:29:42  INFO        ✏️  [7460855208694]  BRUGAL LEYENDA 700ml                   price=1550.0
2026-07-30 17:29:42  INFO        ✏️  [7462381389717]  DETERGENTE BRILLANTE 100g              price=25.0
2026-07-30 17:29:43  INFO        ✏️  [790330050133]  NECTAR DE MANGO RICA 1L                price=85.0
2026-07-30 17:29:45  INFO        ✏️  [98741151]  PLATANOS VERDES                        price=12.0
2026-07-30 17:29:45  INFO      ═══════════════════════════════════════════════════════
2026-07-30 17:29:45  INFO      📊 RESUMEN FINAL
2026-07-30 17:29:45  INFO         ✏️  Actualizados   : 7
2026-07-30 17:29:45  INFO         ✅ Sin cambios     : 1,635
2026-07-30 17:29:45  INFO         🔍 No encontrados  : 12,163  (barcode no existe en Supabase)
2026-07-30 17:29:45  INFO         ❌ Errores         : 0
2026-07-30 17:29:45  INFO         ⏱️  Duración        : 10.7 segundos
2026-07-30 17:29:45  INFO      ═══════════════════════════════════════════════════════
2026-07-30 17:29:45  SUCCESS   🎉 Sincronización completada sin errores
2026-07-30 17:30:03  INFO      ═══════════════════════════════════════════════════════
2026-07-30 17:30:03  INFO      🚀 Iniciando sincronización — 2026-07-30 17:30:03
2026-07-30 17:30:03  INFO         Campos a sincronizar: price
2026-07-30 17:30:03  INFO      ═══════════════════════════════════════════════════════
2026-07-30 17:30:03  INFO      🔌 Conectando a SQL Server…
2026-07-30 17:30:03  INFO      📦 Productos leídos de SQL Server: 13,805
2026-07-30 17:30:03  INFO      ☁️  Leyendo productos de Supabase…
2026-07-30 17:30:05  INFO      🗄️  Productos en Supabase (con barcode): 1,902
2026-07-30 17:30:05  INFO      ───────────────────────────────────────────────────────
2026-07-30 17:30:05  INFO      ═══════════════════════════════════════════════════════
2026-07-30 17:30:05  INFO      📊 RESUMEN FINAL
2026-07-30 17:30:05  INFO         ✏️  Actualizados   : 0
2026-07-30 17:30:05  INFO         ✅ Sin cambios     : 1,642
2026-07-30 17:30:05  INFO         🔍 No encontrados  : 12,163  (barcode no existe en Supabase)
2026-07-30 17:30:05  INFO         ❌ Errores         : 0
2026-07-30 17:30:05  INFO         ⏱️  Duración        : 2.5 segundos
2026-07-30 17:30:05  INFO      ═══════════════════════════════════════════════════════
2026-07-30 17:30:05  SUCCESS   🎉 Sincronización completada sin errores
2026-07-30 17:30:33  INFO      ═══════════════════════════════════════════════════════
2026-07-30 17:30:33  INFO      🚀 Iniciando sincronización — 2026-07-30 17:30:33
2026-07-30 17:30:33  INFO         Campos a sincronizar: price
2026-07-30 17:30:33  INFO      ═══════════════════════════════════════════════════════
2026-07-30 17:30:33  INFO      🔌 Conectando a SQL Server…
2026-07-30 17:30:33  INFO      📦 Productos leídos de SQL Server: 13,805
2026-07-30 17:30:33  INFO      ☁️  Leyendo productos de Supabase…
2026-07-30 17:30:35  INFO      🗄️  Productos en Supabase (con barcode): 1,902
2026-07-30 17:30:35  INFO      ───────────────────────────────────────────────────────
2026-07-30 17:30:35  INFO      ═══════════════════════════════════════════════════════
2026-07-30 17:30:35  INFO      📊 RESUMEN FINAL
2026-07-30 17:30:35  INFO         ✏️  Actualizados   : 0
2026-07-30 17:30:35  INFO         ✅ Sin cambios     : 1,642
2026-07-30 17:30:35  INFO         🔍 No encontrados  : 12,163  (barcode no existe en Supabase)
2026-07-30 17:30:35  INFO         ❌ Errores         : 0
2026-07-30 17:30:35  INFO         ⏱️  Duración        : 2.5 segundos
2026-07-30 17:30:35  INFO      ═══════════════════════════════════════════════════════
2026-07-30 17:30:35  SUCCESS   🎉 Sincronización completada sin errores
2026-07-31 09:39:26  INFO      ═══════════════════════════════════════════════════════
2026-07-31 09:39:26  INFO      🚀 Iniciando sincronización — 2026-07-31 09:39:26
2026-07-31 09:39:26  INFO         Campos a sincronizar: price
2026-07-31 09:39:26  INFO      ═══════════════════════════════════════════════════════
2026-07-31 09:39:26  INFO      🔌 Conectando a SQL Server…
2026-07-31 09:39:27  INFO      📦 Productos leídos de SQL Server: 13,807
2026-07-31 09:39:27  INFO      ☁️  Leyendo productos de Supabase…
2026-07-31 09:39:29  INFO      🗄️  Productos en Supabase (con barcode): 1,902
2026-07-31 09:39:29  INFO      ───────────────────────────────────────────────────────
2026-07-31 09:39:30  INFO        ✏️  [7460199567020]  YOGURT YOKA MANGO 64z                  price=220.0
2026-07-31 09:39:31  INFO        ✏️  [7460199567037]  YOGURT YOKA PINA COLADA 64z            price=220.0
2026-07-31 09:39:32  INFO        ✏️  [7460199567044]  YOGURD YOKA VAINILLA 64z               price=220.0
2026-07-31 09:39:33  INFO        ✏️  [7460199567051]  YOGURT YOKA NATURA 64z                 price=220.0
2026-07-31 09:39:34  INFO        ✏️  [7462381309814]  DETERGENTE C. SUAVIZANTE BRILLANTE     price=190.0
2026-07-31 09:39:34  INFO        ✏️  [7462381309821]  DETERGENTE BRILLANTE SUAVIZANTE 360    price=95.0
2026-07-31 09:39:35  INFO        ✏️  [10189]  DETERGENTE BRILLANTE 2000g             price=370.0
2026-07-31 09:39:36  INFO        ✏️  [7462381339569]  DETERGENTE BRILLANTE BLANQ. 400g       price=95.0
2026-07-31 09:39:37  INFO        ✏️  [787545005409]  CATCHUP BALDOM 12z                     price=95.0
2026-07-31 09:39:38  INFO        ✏️  [787545093017]  CATCHUP BALDOM 14z                     price=85.0
2026-07-31 09:39:39  INFO        ✏️  [787545093024]  MOSTAZA BALDOM 14z                     price=95.0
2026-07-31 09:39:40  INFO        ✏️  [98741151]  PLATANOS VERDES                        price=10.0
2026-07-31 09:39:40  INFO      ═══════════════════════════════════════════════════════
2026-07-31 09:39:40  INFO      📊 RESUMEN FINAL
2026-07-31 09:39:40  INFO         ✏️  Actualizados   : 12
2026-07-31 09:39:40  INFO         ✅ Sin cambios     : 1,630
2026-07-31 09:39:40  INFO         🔍 No encontrados  : 12,165  (barcode no existe en Supabase)
2026-07-31 09:39:40  INFO         ❌ Errores         : 0
2026-07-31 09:39:40  INFO         ⏱️  Duración        : 13.3 segundos
2026-07-31 09:39:40  INFO      ═══════════════════════════════════════════════════════
2026-07-31 09:39:40  SUCCESS   🎉 Sincronización completada sin errores
2026-07-31 09:39:51  INFO      ═══════════════════════════════════════════════════════
2026-07-31 09:39:51  INFO      🚀 Iniciando sincronización — 2026-07-31 09:39:51
2026-07-31 09:39:51  INFO         Campos a sincronizar: price
2026-07-31 09:39:51  INFO      ═══════════════════════════════════════════════════════
2026-07-31 09:39:51  INFO      🔌 Conectando a SQL Server…
2026-07-31 09:39:52  INFO      📦 Productos leídos de SQL Server: 13,807
2026-07-31 09:39:52  INFO      ☁️  Leyendo productos de Supabase…
2026-07-31 09:39:55  INFO      🗄️  Productos en Supabase (con barcode): 1,902
2026-07-31 09:39:55  INFO      ───────────────────────────────────────────────────────
2026-07-31 09:39:55  INFO      ═══════════════════════════════════════════════════════
2026-07-31 09:39:55  INFO      📊 RESUMEN FINAL
2026-07-31 09:39:55  INFO         ✏️  Actualizados   : 0
2026-07-31 09:39:55  INFO         ✅ Sin cambios     : 1,642
2026-07-31 09:39:55  INFO         🔍 No encontrados  : 12,165  (barcode no existe en Supabase)
2026-07-31 09:39:55  INFO         ❌ Errores         : 0
2026-07-31 09:39:55  INFO         ⏱️  Duración        : 4.2 segundos
2026-07-31 09:39:55  INFO      ═══════════════════════════════════════════════════════
2026-07-31 09:39:55  SUCCESS   🎉 Sincronización completada sin errores
2026-07-31 09:40:18  INFO      ═══════════════════════════════════════════════════════
2026-07-31 09:40:18  INFO      🚀 Iniciando sincronización — 2026-07-31 09:40:18
2026-07-31 09:40:18  INFO         Campos a sincronizar: price
2026-07-31 09:40:18  INFO      ═══════════════════════════════════════════════════════
2026-07-31 09:40:18  INFO      🔌 Conectando a SQL Server…
2026-07-31 09:40:19  INFO      📦 Productos leídos de SQL Server: 13,807
2026-07-31 09:40:19  INFO      ☁️  Leyendo productos de Supabase…
2026-07-31 09:40:21  INFO      🗄️  Productos en Supabase (con barcode): 1,902
2026-07-31 09:40:21  INFO      ───────────────────────────────────────────────────────
2026-07-31 09:40:21  INFO      ═══════════════════════════════════════════════════════
2026-07-31 09:40:21  INFO      📊 RESUMEN FINAL
2026-07-31 09:40:21  INFO         ✏️  Actualizados   : 0
2026-07-31 09:40:21  INFO         ✅ Sin cambios     : 1,642
2026-07-31 09:40:21  INFO         🔍 No encontrados  : 12,165  (barcode no existe en Supabase)
2026-07-31 09:40:21  INFO         ❌ Errores         : 0
2026-07-31 09:40:21  INFO         ⏱️  Duración        : 2.8 segundos
2026-07-31 09:40:21  INFO      ═══════════════════════════════════════════════════════
2026-07-31 09:40:21  SUCCESS   🎉 Sincronización completada sin errores
2026-08-04 10:24:35  INFO      ═══════════════════════════════════════════════════════
2026-08-04 10:24:35  INFO      🚀 Iniciando sincronización — 2026-08-04 10:24:35
2026-08-04 10:24:35  INFO         Campos a sincronizar: price
2026-08-04 10:24:35  INFO      ═══════════════════════════════════════════════════════
2026-08-04 10:24:35  INFO      🔌 Conectando a SQL Server…
2026-08-04 10:24:37  INFO      📦 Productos leídos de SQL Server: 13,818
2026-08-04 10:24:37  INFO      ☁️  Leyendo productos de Supabase…
2026-08-04 10:24:37  INFO      🗄️  Productos en Supabase (con barcode): 1,907
2026-08-04 10:24:37  INFO      ───────────────────────────────────────────────────────
2026-08-04 10:24:38  INFO        ✏️  [00000406]  AGUACATE VERDE                         price=25.0
2026-08-04 10:24:39  INFO        ✏️  [081433355400]  AMBIENTADOR COTTON FLOWER BEEP 8z      price=120.0
2026-08-04 10:24:39  INFO        ✏️  [7401001664094]  LAVAPLATOS ZAGAZ LIMON 400 g           price=80.0
2026-08-04 10:24:39  INFO        ✏️  [7460199570372]  COMBO SALAMI SUPER ESP 2.25+SALAMI     price=430.0
2026-08-04 10:24:39  INFO        ✏️  [7462275402676]  AVENA MOLIDA QUAKER NUTREMAS 525g      price=85.0
2026-08-04 10:24:40  INFO        ✏️  [7462381340527]  JABON HISPANO FAMILIAR 5/1             price=65.0
2026-08-04 10:24:41  INFO        ✏️  [7462381341074]  DETERGENTE BRILLANTE SPORT 900g        price=200.0
2026-08-04 10:24:41  INFO        ✏️  [7466555001139]  ARROZ CAMPOS 20 LBS                    price=1065.0
2026-08-04 10:24:41  INFO        ✏️  [7466555500137]  ARROZ CAMPOS 10 LBS                    price=520.0
2026-08-04 10:24:42  INFO        ✏️  [7466555500151]  ARROZ CAMPOS 5 LBS                     price=260.0
2026-08-04 10:24:42  INFO        ✏️  [7467863040032]  VELON ALTAGRACIANO                     price=180.0
2026-08-04 10:24:42  INFO        ✏️  [7467863040261]  VELON ALTAGRACIANO C/IMAGEN            price=180.0
2026-08-04 10:24:43  INFO        ✏️  [7506306312944]  MAIZENA DURYEA MAIZ 425g               price=120.0
2026-08-04 10:24:43  INFO        ✏️  [7506306312951]  MAIZENA DURYEA 95g                     price=35.0
2026-08-04 10:24:43  INFO        ✏️  [7622210854209]  CLUB SOCIAL INTEGRAL MULTICEREAL 21    price=85.0
2026-08-04 10:24:44  INFO        ✏️  [7891097103186]  CREMA DE LECHE PARMALAT 300g           price=135.0
2026-08-04 10:24:44  INFO        ✏️  [8710428018595]  ENSURE ADVANCE CHOCOLATE 8z            price=245.0
2026-08-04 10:24:44  INFO        ✏️  [8710428018618]  ENSURE ADVANCE FRESA 8z                price=245.0
2026-08-04 10:24:44  INFO      ═══════════════════════════════════════════════════════
2026-08-04 10:24:44  INFO      📊 RESUMEN FINAL
2026-08-04 10:24:44  INFO         ✏️  Actualizados   : 18
2026-08-04 10:24:44  INFO         ✅ Sin cambios     : 1,629
2026-08-04 10:24:44  INFO         🔍 No encontrados  : 12,171  (barcode no existe en Supabase)
2026-08-04 10:24:44  INFO         ❌ Errores         : 0
2026-08-04 10:24:44  INFO         ⏱️  Duración        : 8.8 segundos
2026-08-04 10:24:44  INFO      ═══════════════════════════════════════════════════════
2026-08-04 10:24:44  SUCCESS   🎉 Sincronización completada sin errores
2026-08-04 10:25:10  INFO      ═══════════════════════════════════════════════════════
2026-08-04 10:25:10  INFO      🚀 Iniciando sincronización — 2026-08-04 10:25:10
2026-08-04 10:25:10  INFO         Campos a sincronizar: price
2026-08-04 10:25:10  INFO      ═══════════════════════════════════════════════════════
2026-08-04 10:25:10  INFO      🔌 Conectando a SQL Server…
2026-08-04 10:25:12  INFO      📦 Productos leídos de SQL Server: 13,818
2026-08-04 10:25:12  INFO      ☁️  Leyendo productos de Supabase…
2026-08-04 10:25:12  INFO      🗄️  Productos en Supabase (con barcode): 1,907
2026-08-04 10:25:12  INFO      ───────────────────────────────────────────────────────
2026-08-04 10:25:12  INFO      ═══════════════════════════════════════════════════════
2026-08-04 10:25:12  INFO      📊 RESUMEN FINAL
2026-08-04 10:25:12  INFO         ✏️  Actualizados   : 0
2026-08-04 10:25:12  INFO         ✅ Sin cambios     : 1,647
2026-08-04 10:25:12  INFO         🔍 No encontrados  : 12,171  (barcode no existe en Supabase)
2026-08-04 10:25:12  INFO         ❌ Errores         : 0
2026-08-04 10:25:12  INFO         ⏱️  Duración        : 2.1 segundos
2026-08-04 10:25:12  INFO      ═══════════════════════════════════════════════════════
2026-08-04 10:25:12  SUCCESS   🎉 Sincronización completada sin errores
2026-08-04 10:25:46  INFO      ═══════════════════════════════════════════════════════
2026-08-04 10:25:46  INFO      🚀 Iniciando sincronización — 2026-08-04 10:25:46
2026-08-04 10:25:46  INFO         Campos a sincronizar: price
2026-08-04 10:25:46  INFO      ═══════════════════════════════════════════════════════
2026-08-04 10:25:46  INFO      🔌 Conectando a SQL Server…
2026-08-04 10:25:47  INFO      📦 Productos leídos de SQL Server: 13,818
2026-08-04 10:25:47  INFO      ☁️  Leyendo productos de Supabase…
2026-08-04 10:25:48  INFO      🗄️  Productos en Supabase (con barcode): 1,907
2026-08-04 10:25:48  INFO      ───────────────────────────────────────────────────────
2026-08-04 10:25:48  INFO      ═══════════════════════════════════════════════════════
2026-08-04 10:25:48  INFO      📊 RESUMEN FINAL
2026-08-04 10:25:48  INFO         ✏️  Actualizados   : 0
2026-08-04 10:25:48  INFO         ✅ Sin cambios     : 1,647
2026-08-04 10:25:48  INFO         🔍 No encontrados  : 12,171  (barcode no existe en Supabase)
2026-08-04 10:25:48  INFO         ❌ Errores         : 0
2026-08-04 10:25:48  INFO         ⏱️  Duración        : 2.1 segundos
2026-08-04 10:25:48  INFO      ═══════════════════════════════════════════════════════
2026-08-04 10:25:48  SUCCESS   🎉 Sincronización completada sin errores
2026-08-04 10:25:57  INFO      ═══════════════════════════════════════════════════════
2026-08-04 10:25:57  INFO      🚀 Iniciando sincronización — 2026-08-04 10:25:57
2026-08-04 10:25:57  INFO         Campos a sincronizar: price
2026-08-04 10:25:57  INFO      ═══════════════════════════════════════════════════════
2026-08-04 10:25:57  INFO      🔌 Conectando a SQL Server…
2026-08-04 10:25:58  INFO      📦 Productos leídos de SQL Server: 13,818
2026-08-04 10:25:58  INFO      ☁️  Leyendo productos de Supabase…
2026-08-04 10:25:59  INFO      🗄️  Productos en Supabase (con barcode): 1,907
2026-08-04 10:25:59  INFO      ───────────────────────────────────────────────────────
2026-08-04 10:25:59  INFO      ═══════════════════════════════════════════════════════
2026-08-04 10:25:59  INFO      📊 RESUMEN FINAL
2026-08-04 10:25:59  INFO         ✏️  Actualizados   : 0
2026-08-04 10:25:59  INFO         ✅ Sin cambios     : 1,647
2026-08-04 10:25:59  INFO         🔍 No encontrados  : 12,171  (barcode no existe en Supabase)
2026-08-04 10:25:59  INFO         ❌ Errores         : 0
2026-08-04 10:25:59  INFO         ⏱️  Duración        : 1.5 segundos
2026-08-04 10:25:59  INFO      ═══════════════════════════════════════════════════════
2026-08-04 10:25:59  SUCCESS   🎉 Sincronización completada sin errores
2026-08-04 10:26:07  INFO      ═══════════════════════════════════════════════════════
2026-08-04 10:26:07  INFO      🚀 Iniciando sincronización — 2026-08-04 10:26:07
2026-08-04 10:26:07  INFO         Campos a sincronizar: price
2026-08-04 10:26:07  INFO      ═══════════════════════════════════════════════════════
2026-08-04 10:26:07  INFO      🔌 Conectando a SQL Server…
2026-08-04 10:26:08  INFO      📦 Productos leídos de SQL Server: 13,818
2026-08-04 10:26:08  INFO      ☁️  Leyendo productos de Supabase…
2026-08-04 10:26:09  INFO      🗄️  Productos en Supabase (con barcode): 1,907
2026-08-04 10:26:09  INFO      ───────────────────────────────────────────────────────
2026-08-04 10:26:09  INFO      ═══════════════════════════════════════════════════════
2026-08-04 10:26:09  INFO      📊 RESUMEN FINAL
2026-08-04 10:26:09  INFO         ✏️  Actualizados   : 0
2026-08-04 10:26:09  INFO         ✅ Sin cambios     : 1,647
2026-08-04 10:26:09  INFO         🔍 No encontrados  : 12,171  (barcode no existe en Supabase)
2026-08-04 10:26:09  INFO         ❌ Errores         : 0
2026-08-04 10:26:09  INFO         ⏱️  Duración        : 1.7 segundos
2026-08-04 10:26:09  INFO      ═══════════════════════════════════════════════════════
2026-08-04 10:26:09  SUCCESS   🎉 Sincronización completada sin errores
2026-08-08 08:52:16  INFO      ═══════════════════════════════════════════════════════
2026-08-08 08:52:16  INFO      🚀 Iniciando sincronización — 2026-08-08 08:52:16
2026-08-08 08:52:16  INFO         Campos a sincronizar: price
2026-08-08 08:52:16  INFO      ═══════════════════════════════════════════════════════
2026-08-08 08:52:16  INFO      🔌 Conectando a SQL Server…
2026-08-08 08:52:20  INFO      📦 Productos leídos de SQL Server: 13,830
2026-08-08 08:52:20  INFO      ☁️  Leyendo productos de Supabase…
2026-08-08 08:52:21  INFO      🗄️  Productos en Supabase (con barcode): 1,914
2026-08-08 08:52:21  INFO      ───────────────────────────────────────────────────────
2026-08-08 08:52:21  INFO        ✏️  [00000406]  AGUACATE VERDE                         price=30.0
2026-08-08 08:52:21  INFO        ✏️  [046500015946]  RAID FLYING INSECT BASADO EN AGUA 1    price=225.0
2026-08-08 08:52:21  INFO        ✏️  [099176132578]  FABULOSO AROMA DE BEBE 450ml           price=80.0
2026-08-08 08:52:22  INFO        ✏️  [099176132592]  FABULOSO LAVANDA 450ml                 price=80.0
2026-08-08 08:52:22  INFO        ✏️  [099176132882]  FABULOSO PASION DE FRUTAS 450ml        price=80.0
2026-08-08 08:52:22  INFO        ✏️  [7460193740801]  AVENA AMERICANA INSTANTANEA 590g       price=75.0
2026-08-08 08:52:22  INFO        ✏️  [7460383822041]  JABON BAMBINO ROSADO 75g               price=60.0
2026-08-08 08:52:23  INFO        ✏️  [7467581602888]  SOPA MI SABROSITA CHULETA AHUMADA 7    price=50.0
2026-08-08 08:52:23  INFO        ✏️  [753081009126]  CHOCO WOW CHISPAS 216g                 price=145.0
2026-08-08 08:52:23  INFO        ✏️  [755111685133]  GALLETAS DE COCO ARTESANAL 300g        price=150.0
2026-08-08 08:52:23  INFO        ✏️  [98741151]  PLATANOS VERDES                        price=15.0
2026-08-08 08:52:23  INFO      ═══════════════════════════════════════════════════════
2026-08-08 08:52:23  INFO      📊 RESUMEN FINAL
2026-08-08 08:52:23  INFO         ✏️  Actualizados   : 11
2026-08-08 08:52:23  INFO         ✅ Sin cambios     : 1,641
2026-08-08 08:52:23  INFO         🔍 No encontrados  : 12,178  (barcode no existe en Supabase)
2026-08-08 08:52:23  INFO         ❌ Errores         : 0
2026-08-08 08:52:23  INFO         ⏱️  Duración        : 7.3 segundos
2026-08-08 08:52:23  INFO      ═══════════════════════════════════════════════════════
2026-08-08 08:52:23  SUCCESS   🎉 Sincronización completada sin errores
2026-08-08 08:53:04  INFO      ═══════════════════════════════════════════════════════
2026-08-08 08:53:04  INFO      🚀 Iniciando sincronización — 2026-08-08 08:53:04
2026-08-08 08:53:04  INFO         Campos a sincronizar: price
2026-08-08 08:53:04  INFO      ═══════════════════════════════════════════════════════
2026-08-08 08:53:04  INFO      🔌 Conectando a SQL Server…
2026-08-08 08:53:05  INFO      📦 Productos leídos de SQL Server: 13,830
2026-08-08 08:53:05  INFO      ☁️  Leyendo productos de Supabase…
2026-08-08 08:53:06  INFO      🗄️  Productos en Supabase (con barcode): 1,914
2026-08-08 08:53:06  INFO      ───────────────────────────────────────────────────────
2026-08-08 08:53:06  INFO      ═══════════════════════════════════════════════════════
2026-08-08 08:53:06  INFO      📊 RESUMEN FINAL
2026-08-08 08:53:06  INFO         ✏️  Actualizados   : 0
2026-08-08 08:53:06  INFO         ✅ Sin cambios     : 1,652
2026-08-08 08:53:06  INFO         🔍 No encontrados  : 12,178  (barcode no existe en Supabase)
2026-08-08 08:53:06  INFO         ❌ Errores         : 0
2026-08-08 08:53:06  INFO         ⏱️  Duración        : 2.0 segundos
2026-08-08 08:53:06  INFO      ═══════════════════════════════════════════════════════
2026-08-08 08:53:06  SUCCESS   🎉 Sincronización completada sin errores
2026-08-08 08:53:42  INFO      ═══════════════════════════════════════════════════════
2026-08-08 08:53:42  INFO      🚀 Iniciando sincronización — 2026-08-08 08:53:42
2026-08-08 08:53:42  INFO         Campos a sincronizar: price
2026-08-08 08:53:42  INFO      ═══════════════════════════════════════════════════════
2026-08-08 08:53:42  INFO      🔌 Conectando a SQL Server…
2026-08-08 08:53:43  INFO      📦 Productos leídos de SQL Server: 13,830
2026-08-08 08:53:43  INFO      ☁️  Leyendo productos de Supabase…
2026-08-08 08:53:44  INFO      🗄️  Productos en Supabase (con barcode): 1,914
2026-08-08 08:53:44  INFO      ───────────────────────────────────────────────────────
2026-08-08 08:53:44  INFO      ═══════════════════════════════════════════════════════
2026-08-08 08:53:44  INFO      📊 RESUMEN FINAL
2026-08-08 08:53:44  INFO         ✏️  Actualizados   : 0
2026-08-08 08:53:44  INFO         ✅ Sin cambios     : 1,652
2026-08-08 08:53:44  INFO         🔍 No encontrados  : 12,178  (barcode no existe en Supabase)
2026-08-08 08:53:44  INFO         ❌ Errores         : 0
2026-08-08 08:53:44  INFO         ⏱️  Duración        : 1.8 segundos
2026-08-08 08:53:44  INFO      ═══════════════════════════════════════════════════════
2026-08-08 08:53:44  SUCCESS   🎉 Sincronización completada sin errores
2026-08-10 09:03:16  INFO      ═══════════════════════════════════════════════════════
2026-08-10 09:03:16  INFO      🚀 Iniciando sincronización — 2026-08-10 09:03:16
2026-08-10 09:03:16  INFO         Campos a sincronizar: price
2026-08-10 09:03:16  INFO      ═══════════════════════════════════════════════════════
2026-08-10 09:03:16  INFO      🔌 Conectando a SQL Server…
2026-08-10 09:03:17  INFO      📦 Productos leídos de SQL Server: 13,830
2026-08-10 09:03:17  INFO      ☁️  Leyendo productos de Supabase…
2026-08-10 09:03:18  INFO      🗄️  Productos en Supabase (con barcode): 1,919
2026-08-10 09:03:18  INFO      ───────────────────────────────────────────────────────
2026-08-10 09:03:18  INFO        ✏️  [7463905376022]  BIZCOCHO DE VAINILLA PANI PUEBLO       price=140.0
2026-08-10 09:03:18  INFO        ✏️  [7466172819445]  YOGURT NATURAL SAN JUAN 32z            price=170.0
2026-08-10 09:03:18  INFO        ✏️  [7466172819490]  YOGURT SAN JUAN FRESA LIGHT 32z        price=170.0
2026-08-10 09:03:19  INFO        ✏️  [7466172819568]  YOGURT SAN JUAN  NATURAL 64z           price=275.0
2026-08-10 09:03:19  INFO        ✏️  [7466172819575]  YOGURT SAN JUAN DE VAINILLA 64z        price=275.0
2026-08-10 09:03:19  INFO        ✏️  [7466172819599]  YOGURT SAN JUAN PIÑA 64z               price=275.0
2026-08-10 09:03:19  INFO      ═══════════════════════════════════════════════════════
2026-08-10 09:03:19  INFO      📊 RESUMEN FINAL
2026-08-10 09:03:19  INFO         ✏️  Actualizados   : 6
2026-08-10 09:03:19  INFO         ✅ Sin cambios     : 1,651
2026-08-10 09:03:19  INFO         🔍 No encontrados  : 12,173  (barcode no existe en Supabase)
2026-08-10 09:03:19  INFO         ❌ Errores         : 0
2026-08-10 09:03:19  INFO         ⏱️  Duración        : 3.9 segundos
2026-08-10 09:03:19  INFO      ═══════════════════════════════════════════════════════
2026-08-10 09:03:19  SUCCESS   🎉 Sincronización completada sin errores
2026-08-10 09:03:31  INFO      ═══════════════════════════════════════════════════════
2026-08-10 09:03:31  INFO      🚀 Iniciando sincronización — 2026-08-10 09:03:31
2026-08-10 09:03:31  INFO         Campos a sincronizar: price
2026-08-10 09:03:31  INFO      ═══════════════════════════════════════════════════════
2026-08-10 09:03:31  INFO      🔌 Conectando a SQL Server…
2026-08-10 09:03:32  INFO      📦 Productos leídos de SQL Server: 13,830
2026-08-10 09:03:32  INFO      ☁️  Leyendo productos de Supabase…
2026-08-10 09:03:33  INFO      🗄️  Productos en Supabase (con barcode): 1,919
2026-08-10 09:03:33  INFO      ───────────────────────────────────────────────────────
2026-08-10 09:03:33  INFO      ═══════════════════════════════════════════════════════
2026-08-10 09:03:33  INFO      📊 RESUMEN FINAL
2026-08-10 09:03:33  INFO         ✏️  Actualizados   : 0
2026-08-10 09:03:33  INFO         ✅ Sin cambios     : 1,657
2026-08-10 09:03:33  INFO         🔍 No encontrados  : 12,173  (barcode no existe en Supabase)
2026-08-10 09:03:33  INFO         ❌ Errores         : 0
2026-08-10 09:03:33  INFO         ⏱️  Duración        : 1.6 segundos
2026-08-10 09:03:33  INFO      ═══════════════════════════════════════════════════════
2026-08-10 09:03:33  SUCCESS   🎉 Sincronización completada sin errores
2026-08-10 09:03:46  INFO      ═══════════════════════════════════════════════════════
2026-08-10 09:03:46  INFO      🚀 Iniciando sincronización — 2026-08-10 09:03:46
2026-08-10 09:03:46  INFO         Campos a sincronizar: price
2026-08-10 09:03:46  INFO      ═══════════════════════════════════════════════════════
2026-08-10 09:03:46  INFO      🔌 Conectando a SQL Server…
2026-08-10 09:03:46  INFO      📦 Productos leídos de SQL Server: 13,830
2026-08-10 09:03:46  INFO      ☁️  Leyendo productos de Supabase…
2026-08-10 09:03:47  INFO      🗄️  Productos en Supabase (con barcode): 1,919
2026-08-10 09:03:47  INFO      ───────────────────────────────────────────────────────
2026-08-10 09:03:47  INFO      ═══════════════════════════════════════════════════════
2026-08-10 09:03:47  INFO      📊 RESUMEN FINAL
2026-08-10 09:03:47  INFO         ✏️  Actualizados   : 0
2026-08-10 09:03:47  INFO         ✅ Sin cambios     : 1,657
2026-08-10 09:03:47  INFO         🔍 No encontrados  : 12,173  (barcode no existe en Supabase)
2026-08-10 09:03:47  INFO         ❌ Errores         : 0
2026-08-10 09:03:47  INFO         ⏱️  Duración        : 1.6 segundos
2026-08-10 09:03:47  INFO      ═══════════════════════════════════════════════════════
2026-08-10 09:03:47  SUCCESS   🎉 Sincronización completada sin errores
2026-08-12 18:27:02  INFO      ═══════════════════════════════════════════════════════
2026-08-12 18:27:02  INFO      🚀 Iniciando sincronización — 2026-08-12 18:27:02
2026-08-12 18:27:02  INFO         Campos a sincronizar: price
2026-08-12 18:27:02  INFO      ═══════════════════════════════════════════════════════
2026-08-12 18:27:02  INFO      🔌 Conectando a SQL Server…
2026-08-12 18:27:03  INFO      📦 Productos leídos de SQL Server: 13,845
2026-08-12 18:27:03  INFO      ☁️  Leyendo productos de Supabase…
2026-08-12 18:27:05  INFO      🗄️  Productos en Supabase (con barcode): 1,928
2026-08-12 18:27:05  INFO      ───────────────────────────────────────────────────────
2026-08-12 18:27:05  INFO        ✏️  [72912348]  AZUCAR REFINO 2 LBS.                   price=70.0
2026-08-12 18:27:05  INFO        ✏️  [72912362]  AZUCAR REFINO 5lbs.                    price=175.0
2026-08-12 18:27:05  INFO        ✏️  [7460000047611]  MIEL DE ABEJA LA FLOR 6onz             price=60.0
2026-08-12 18:27:06  INFO        ✏️  [7460193700324]  MARGARINA DORINA ORIGINAL 425g         price=135.0
2026-08-12 18:27:06  INFO        ✏️  [7460966301031]  PAN PEPIN VIGA GIGANTE 49z             price=265.0
2026-08-12 18:27:06  INFO        ✏️  [7467083560013]  ACIDO MURIATICO EL DRAGON 355ml        price=55.0
2026-08-12 18:27:06  INFO        ✏️  [7467083560020]  ACIDO MURIATICO EL DRAGON 1LT.         price=95.0
2026-08-12 18:27:07  INFO        ✏️  [7467083560433]  TREMENTINA EL DRAGON 355ml             price=100.0
2026-08-12 18:27:07  INFO        ✏️  [7467083560815]  AMONIACO EL DRAGON 1L                  price=80.0
2026-08-12 18:27:07  INFO        ✏️  [7467083560938]  CREOLINA EL DRAGON 1L                  price=150.0
2026-08-12 18:27:07  INFO        ✏️  [7467083562437]  CREOLINA EL DRAGON 350ml               price=80.0
2026-08-12 18:27:08  INFO        ✏️  [7467083562819]  SHAMPO ALENY FORMULA 128z              price=150.0
2026-08-12 18:27:08  INFO        ✏️  [7467083564165]  DESCURTIDOR DE BANOS EL DRAGON 16z     price=95.0
2026-08-12 18:27:08  INFO        ✏️  [7467083566541]  LIMPIADOR DE ESTUFAS EL DRAGON 4z      price=95.0
2026-08-12 18:27:08  INFO        ✏️  [7467083566930]  LOSE-K LIMPIADOR CERAMICA 32z          price=145.0
2026-08-12 18:27:09  INFO        ✏️  [7467083567708]  LIMPIA COCINA Q.GRASA EL DRAGON 750    price=185.0
2026-08-12 18:27:09  INFO        ✏️  [7702027041587]  NOSOTRAS BUENAS NOCHES ULTRA INV. T    price=130.0
2026-08-12 18:27:09  INFO        ✏️  [8410498010238]  INSECTICIDA ORO SIN OLOR 750ml         price=340.0
2026-08-12 18:27:09  INFO        ✏️  [8410498020725]  INSECTICIDA ORO DOBLE ACCION 400ml     price=205.0
2026-08-12 18:27:09  INFO      ═══════════════════════════════════════════════════════
2026-08-12 18:27:09  INFO      📊 RESUMEN FINAL
2026-08-12 18:27:09  INFO         ✏️  Actualizados   : 19
2026-08-12 18:27:09  INFO         ✅ Sin cambios     : 1,645
2026-08-12 18:27:09  INFO         🔍 No encontrados  : 12,181  (barcode no existe en Supabase)
2026-08-12 18:27:09  INFO         ❌ Errores         : 0
2026-08-12 18:27:09  INFO         ⏱️  Duración        : 7.3 segundos
2026-08-12 18:27:09  INFO      ═══════════════════════════════════════════════════════
2026-08-12 18:27:09  SUCCESS   🎉 Sincronización completada sin errores
2026-08-12 18:27:31  INFO      ═══════════════════════════════════════════════════════
2026-08-12 18:27:31  INFO      🚀 Iniciando sincronización — 2026-08-12 18:27:31
2026-08-12 18:27:31  INFO         Campos a sincronizar: price
2026-08-12 18:27:31  INFO      ═══════════════════════════════════════════════════════
2026-08-12 18:27:31  INFO      🔌 Conectando a SQL Server…
2026-08-12 18:27:32  INFO      📦 Productos leídos de SQL Server: 13,845
2026-08-12 18:27:32  INFO      ☁️  Leyendo productos de Supabase…
2026-08-12 18:27:33  INFO      🗄️  Productos en Supabase (con barcode): 1,928
2026-08-12 18:27:33  INFO      ───────────────────────────────────────────────────────
2026-08-12 18:27:33  INFO      ═══════════════════════════════════════════════════════
2026-08-12 18:27:33  INFO      📊 RESUMEN FINAL
2026-08-12 18:27:33  INFO         ✏️  Actualizados   : 0
2026-08-12 18:27:33  INFO         ✅ Sin cambios     : 1,664
2026-08-12 18:27:33  INFO         🔍 No encontrados  : 12,181  (barcode no existe en Supabase)
2026-08-12 18:27:33  INFO         ❌ Errores         : 0
2026-08-12 18:27:33  INFO         ⏱️  Duración        : 2.2 segundos
2026-08-12 18:27:33  INFO      ═══════════════════════════════════════════════════════
2026-08-12 18:27:33  SUCCESS   🎉 Sincronización completada sin errores
2026-08-12 18:27:44  INFO      ═══════════════════════════════════════════════════════
2026-08-12 18:27:44  INFO      🚀 Iniciando sincronización — 2026-08-12 18:27:44
2026-08-12 18:27:44  INFO         Campos a sincronizar: price
2026-08-12 18:27:44  INFO      ═══════════════════════════════════════════════════════
2026-08-12 18:27:44  INFO      🔌 Conectando a SQL Server…
2026-08-12 18:27:45  INFO      📦 Productos leídos de SQL Server: 13,845
2026-08-12 18:27:45  INFO      ☁️  Leyendo productos de Supabase…
2026-08-12 18:27:46  INFO      🗄️  Productos en Supabase (con barcode): 1,928
2026-08-12 18:27:46  INFO      ───────────────────────────────────────────────────────
2026-08-12 18:27:46  INFO      ═══════════════════════════════════════════════════════
2026-08-12 18:27:46  INFO      📊 RESUMEN FINAL
2026-08-12 18:27:46  INFO         ✏️  Actualizados   : 0
2026-08-12 18:27:46  INFO         ✅ Sin cambios     : 1,664
2026-08-12 18:27:46  INFO         🔍 No encontrados  : 12,181  (barcode no existe en Supabase)
2026-08-12 18:27:46  INFO         ❌ Errores         : 0
2026-08-12 18:27:46  INFO         ⏱️  Duración        : 1.8 segundos
2026-08-12 18:27:46  INFO      ═══════════════════════════════════════════════════════
2026-08-12 18:27:46  SUCCESS   🎉 Sincronización completada sin errores
2026-08-12 18:52:33  INFO      ═══════════════════════════════════════════════════════
2026-08-12 18:52:33  INFO      🚀 Iniciando sincronización — 2026-08-12 18:52:33
2026-08-12 18:52:33  INFO         Campos a sincronizar: price
2026-08-12 18:52:33  INFO      ═══════════════════════════════════════════════════════
2026-08-12 18:52:33  INFO      🔌 Conectando a SQL Server…
2026-08-12 18:52:34  INFO      📦 Productos leídos de SQL Server: 13,845
2026-08-12 18:52:34  INFO      ☁️  Leyendo productos de Supabase…
2026-08-12 18:52:35  INFO      🗄️  Productos en Supabase (con barcode): 1,928
2026-08-12 18:52:35  INFO      ───────────────────────────────────────────────────────
2026-08-12 18:52:35  INFO        ✏️  [72912348]  AZUCAR REFINO 2 LBS.                   price=70.0
2026-08-12 18:52:37  INFO        ✏️  [72912362]  AZUCAR REFINO 5lbs.                    price=175.0
2026-08-12 18:52:37  INFO      ═══════════════════════════════════════════════════════
2026-08-12 18:52:37  INFO      📊 RESUMEN FINAL
2026-08-12 18:52:37  INFO         ✏️  Actualizados   : 2
2026-08-12 18:52:37  INFO         ✅ Sin cambios     : 1,662
2026-08-12 18:52:37  INFO         🔍 No encontrados  : 12,181  (barcode no existe en Supabase)
2026-08-12 18:52:37  INFO         ❌ Errores         : 0
2026-08-12 18:52:37  INFO         ⏱️  Duración        : 3.6 segundos
2026-08-12 18:52:37  INFO      ═══════════════════════════════════════════════════════
2026-08-12 18:52:37  SUCCESS   🎉 Sincronización completada sin errores
2026-08-12 18:53:34  INFO      ═══════════════════════════════════════════════════════
2026-08-12 18:53:34  INFO      🚀 Iniciando sincronización — 2026-08-12 18:53:34
2026-08-12 18:53:34  INFO         Campos a sincronizar: price
2026-08-12 18:53:34  INFO      ═══════════════════════════════════════════════════════
2026-08-12 18:53:34  INFO      🔌 Conectando a SQL Server…
2026-08-12 18:53:34  INFO      📦 Productos leídos de SQL Server: 13,845
2026-08-12 18:53:34  INFO      ☁️  Leyendo productos de Supabase…
2026-08-12 18:53:35  INFO      🗄️  Productos en Supabase (con barcode): 1,928
2026-08-12 18:53:35  INFO      ───────────────────────────────────────────────────────
2026-08-12 18:53:35  INFO      ═══════════════════════════════════════════════════════
2026-08-12 18:53:35  INFO      📊 RESUMEN FINAL
2026-08-12 18:53:35  INFO         ✏️  Actualizados   : 0
2026-08-12 18:53:35  INFO         ✅ Sin cambios     : 1,664
2026-08-12 18:53:35  INFO         🔍 No encontrados  : 12,181  (barcode no existe en Supabase)
2026-08-12 18:53:35  INFO         ❌ Errores         : 0
2026-08-12 18:53:35  INFO         ⏱️  Duración        : 1.7 segundos
2026-08-12 18:53:35  INFO      ═══════════════════════════════════════════════════════
2026-08-12 18:53:35  SUCCESS   🎉 Sincronización completada sin errores
2026-08-12 18:53:41  INFO      ═══════════════════════════════════════════════════════
2026-08-12 18:53:41  INFO      🚀 Iniciando sincronización — 2026-08-12 18:53:41
2026-08-12 18:53:41  INFO         Campos a sincronizar: price
2026-08-12 18:53:41  INFO      ═══════════════════════════════════════════════════════
2026-08-12 18:53:41  INFO      🔌 Conectando a SQL Server…
2026-08-12 18:53:42  INFO      📦 Productos leídos de SQL Server: 13,845
2026-08-12 18:53:42  INFO      ☁️  Leyendo productos de Supabase…
2026-08-12 18:53:42  INFO      🗄️  Productos en Supabase (con barcode): 1,928
2026-08-12 18:53:42  INFO      ───────────────────────────────────────────────────────
2026-08-12 18:53:42  INFO      ═══════════════════════════════════════════════════════
2026-08-12 18:53:42  INFO      📊 RESUMEN FINAL
2026-08-12 18:53:42  INFO         ✏️  Actualizados   : 0
2026-08-12 18:53:42  INFO         ✅ Sin cambios     : 1,664
2026-08-12 18:53:42  INFO         🔍 No encontrados  : 12,181  (barcode no existe en Supabase)
2026-08-12 18:53:42  INFO         ❌ Errores         : 0
2026-08-12 18:53:42  INFO         ⏱️  Duración        : 1.5 segundos
2026-08-12 18:53:42  INFO      ═══════════════════════════════════════════════════════
2026-08-12 18:53:42  SUCCESS   🎉 Sincronización completada sin errores
2026-08-13 13:31:06  INFO      ═══════════════════════════════════════════════════════
2026-08-13 13:31:06  INFO      🚀 Iniciando sincronización — 2026-08-13 13:31:06
2026-08-13 13:31:06  INFO         Campos a sincronizar: price
2026-08-13 13:31:06  INFO      ═══════════════════════════════════════════════════════
2026-08-13 13:31:06  INFO      🔌 Conectando a SQL Server…
2026-08-13 13:31:08  INFO      📦 Productos leídos de SQL Server: 13,846
2026-08-13 13:31:08  INFO      ☁️  Leyendo productos de Supabase…
2026-08-13 13:31:09  INFO      🗄️  Productos en Supabase (con barcode): 1,928
2026-08-13 13:31:09  INFO      ───────────────────────────────────────────────────────
2026-08-13 13:31:09  INFO        ✏️  [01489438]  JUGO DE MANZANAS MOTTS 10z             price=75.0
2026-08-13 13:31:09  INFO        ✏️  [028661245233]  ACEITE FIGARO EXTRA VIRGEN 100ml       price=155.0
2026-08-13 13:31:09  INFO        ✏️  [028661245523]  ACEITE DE OLIVA EXT VIRGEN FIGARO 7    price=900.0
2026-08-13 13:31:10  INFO        ✏️  [028661704204]  ACEITE DE OLIVA E.VIRGEN FIGARO 500    price=580.0
2026-08-13 13:31:10  INFO        ✏️  [72912249]  AZUCAR CREMA 2 LBS.                    price=64.0
2026-08-13 13:31:10  INFO        ✏️  [72912522]  AZUCAR CREMA 5LIBS                     price=160.0
2026-08-13 13:31:10  INFO        ✏️  [7460193700539]  MAYONESA MANICERA 25z                  price=235.0
2026-08-13 13:31:11  INFO        ✏️  [7465154964081]  SAZON CRIOLLO DONA NEGRA12z            price=200.0
2026-08-13 13:31:11  INFO        ✏️  [7465154964098]  SAZON CRIOLLO CON VIJA DONA NEGRA12    price=200.0
2026-08-13 13:31:11  INFO        ✏️  [7465154964104]  SAZON CRIOLLO CON PICANTE DONA NEGR    price=200.0
2026-08-13 13:31:11  INFO      ═══════════════════════════════════════════════════════
2026-08-13 13:31:11  INFO      📊 RESUMEN FINAL
2026-08-13 13:31:11  INFO         ✏️  Actualizados   : 10
2026-08-13 13:31:11  INFO         ✅ Sin cambios     : 1,654
2026-08-13 13:31:11  INFO         🔍 No encontrados  : 12,182  (barcode no existe en Supabase)
2026-08-13 13:31:11  INFO         ❌ Errores         : 0
2026-08-13 13:31:11  INFO         ⏱️  Duración        : 5.6 segundos
2026-08-13 13:31:11  INFO      ═══════════════════════════════════════════════════════
2026-08-13 13:31:11  SUCCESS   🎉 Sincronización completada sin errores
2026-08-13 13:31:30  INFO      ═══════════════════════════════════════════════════════
2026-08-13 13:31:30  INFO      🚀 Iniciando sincronización — 2026-08-13 13:31:30
2026-08-13 13:31:30  INFO         Campos a sincronizar: price
2026-08-13 13:31:30  INFO      ═══════════════════════════════════════════════════════
2026-08-13 13:31:30  INFO      🔌 Conectando a SQL Server…
2026-08-13 13:31:31  INFO      📦 Productos leídos de SQL Server: 13,846
2026-08-13 13:31:31  INFO      ☁️  Leyendo productos de Supabase…
2026-08-13 13:31:31  INFO      🗄️  Productos en Supabase (con barcode): 1,928
2026-08-13 13:31:31  INFO      ───────────────────────────────────────────────────────
2026-08-13 13:31:31  INFO      ═══════════════════════════════════════════════════════
2026-08-13 13:31:31  INFO      📊 RESUMEN FINAL
2026-08-13 13:31:31  INFO         ✏️  Actualizados   : 0
2026-08-13 13:31:31  INFO         ✅ Sin cambios     : 1,664
2026-08-13 13:31:31  INFO         🔍 No encontrados  : 12,182  (barcode no existe en Supabase)
2026-08-13 13:31:31  INFO         ❌ Errores         : 0
2026-08-13 13:31:31  INFO         ⏱️  Duración        : 1.8 segundos
2026-08-13 13:31:31  INFO      ═══════════════════════════════════════════════════════
2026-08-13 13:31:31  SUCCESS   🎉 Sincronización completada sin errores
